This is pdfTeX, Version 3.141592653-2.6-1.40.22 (TeX Live 2022/dev/Debian) (preloaded format=pdflatex 2024.1.9)  1 MAR 2024 12:07
entering extended mode
 restricted \write18 enabled.
 %&-line parsing enabled.
**QFT.tex
(./QFT.tex
LaTeX2e <2021-11-15> patch level 1
L3 programming layer <2022-01-21>
(/usr/share/texlive/texmf-dist/tex/latex/base/book.cls
Document Class: book 2021/10/04 v1.4n Standard LaTeX document class
(/usr/share/texlive/texmf-dist/tex/latex/base/bk10.clo
File: bk10.clo 2021/10/04 v1.4n Standard LaTeX file (size option)
)
\c@part=\count185
\c@chapter=\count186
\c@section=\count187
\c@subsection=\count188
\c@subsubsection=\count189
\c@paragraph=\count190
\c@subparagraph=\count191
\c@figure=\count192
\c@table=\count193
\abovecaptionskip=\skip47
\belowcaptionskip=\skip48
\bibindent=\dimen138
) (./structure.tex
(/usr/share/texlive/texmf-dist/tex/latex/geometry/geometry.sty
Package: geometry 2020/01/02 v5.9 Page Geometry

(/usr/share/texlive/texmf-dist/tex/latex/graphics/keyval.sty
Package: keyval 2014/10/28 v1.15 key=value parser (DPC)
\KV@toks@=\toks16
)
(/usr/share/texlive/texmf-dist/tex/generic/iftex/ifvtex.sty
Package: ifvtex 2019/10/25 v1.7 ifvtex legacy package. Use iftex instead.

(/usr/share/texlive/texmf-dist/tex/generic/iftex/iftex.sty
Package: iftex 2020/03/06 v1.0d TeX engine tests
))
\Gm@cnth=\count194
\Gm@cntv=\count195
\c@Gm@tempcnt=\count196
\Gm@bindingoffset=\dimen139
\Gm@wd@mp=\dimen140
\Gm@odd@mp=\dimen141
\Gm@even@mp=\dimen142
\Gm@layoutwidth=\dimen143
\Gm@layoutheight=\dimen144
\Gm@layouthoffset=\dimen145
\Gm@layoutvoffset=\dimen146
\Gm@dimlist=\toks17
)
(/usr/share/texlive/texmf-dist/tex/latex/graphics/graphicx.sty
Package: graphicx 2021/09/16 v1.2d Enhanced LaTeX Graphics (DPC,SPQR)

(/usr/share/texlive/texmf-dist/tex/latex/graphics/graphics.sty
Package: graphics 2021/03/04 v1.4d Standard LaTeX Graphics (DPC,SPQR)

(/usr/share/texlive/texmf-dist/tex/latex/graphics/trig.sty
Package: trig 2021/08/11 v1.11 sin cos tan (DPC)
)
(/usr/share/texlive/texmf-dist/tex/latex/graphics-cfg/graphics.cfg
File: graphics.cfg 2016/06/04 v1.11 sample graphics configuration
)
Package graphics Info: Driver file: pdftex.def on input line 107.

(/usr/share/texlive/texmf-dist/tex/latex/graphics-def/pdftex.def
File: pdftex.def 2020/10/05 v1.2a Graphics/color driver for pdftex
))
\Gin@req@height=\dimen147
\Gin@req@width=\dimen148
)
(/usr/share/texlive/texmf-dist/tex/latex/lipsum/lipsum.sty
(/usr/share/texlive/texmf-dist/tex/latex/l3packages/l3keys2e/l3keys2e.sty
(/usr/share/texlive/texmf-dist/tex/latex/l3kernel/expl3.sty
Package: expl3 2022-01-21 L3 programming layer (loader) 

(/usr/share/texlive/texmf-dist/tex/latex/l3backend/l3backend-pdftex.def
File: l3backend-pdftex.def 2022-01-12 L3 backend support: PDF output (pdfTeX)
\l__color_backend_stack_int=\count197
\l__pdf_internal_box=\box50
))
Package: l3keys2e 2022-01-12 LaTeX2e option processing using LaTeX3 keys
)
Package: lipsum 2021-09-20 v2.7 150 paragraphs of Lorem Ipsum dummy text
\g__lipsum_par_int=\count198
\l__lipsum_a_int=\count199
\l__lipsum_b_int=\count266

(/usr/share/texlive/texmf-dist/tex/latex/lipsum/lipsum.ltd.tex))
(/usr/share/texlive/texmf-dist/tex/latex/pgf/frontendlayer/tikz.sty
(/usr/share/texlive/texmf-dist/tex/latex/pgf/basiclayer/pgf.sty
(/usr/share/texlive/texmf-dist/tex/latex/pgf/utilities/pgfrcs.sty
(/usr/share/texlive/texmf-dist/tex/generic/pgf/utilities/pgfutil-common.tex
\pgfutil@everybye=\toks18
\pgfutil@tempdima=\dimen149
\pgfutil@tempdimb=\dimen150

(/usr/share/texlive/texmf-dist/tex/generic/pgf/utilities/pgfutil-common-lists.t
ex)) (/usr/share/texlive/texmf-dist/tex/generic/pgf/utilities/pgfutil-latex.def
\pgfutil@abb=\box51
) (/usr/share/texlive/texmf-dist/tex/generic/pgf/utilities/pgfrcs.code.tex
(/usr/share/texlive/texmf-dist/tex/generic/pgf/pgf.revision.tex)
Package: pgfrcs 2021/05/15 v3.1.9a (3.1.9a)
))
Package: pgf 2021/05/15 v3.1.9a (3.1.9a)

(/usr/share/texlive/texmf-dist/tex/latex/pgf/basiclayer/pgfcore.sty
(/usr/share/texlive/texmf-dist/tex/latex/pgf/systemlayer/pgfsys.sty
(/usr/share/texlive/texmf-dist/tex/generic/pgf/systemlayer/pgfsys.code.tex
Package: pgfsys 2021/05/15 v3.1.9a (3.1.9a)

(/usr/share/texlive/texmf-dist/tex/generic/pgf/utilities/pgfkeys.code.tex
\pgfkeys@pathtoks=\toks19
\pgfkeys@temptoks=\toks20

(/usr/share/texlive/texmf-dist/tex/generic/pgf/utilities/pgfkeysfiltered.code.t
ex
\pgfkeys@tmptoks=\toks21
))
\pgf@x=\dimen151
\pgf@y=\dimen152
\pgf@xa=\dimen153
\pgf@ya=\dimen154
\pgf@xb=\dimen155
\pgf@yb=\dimen156
\pgf@xc=\dimen157
\pgf@yc=\dimen158
\pgf@xd=\dimen159
\pgf@yd=\dimen160
\w@pgf@writea=\write3
\r@pgf@reada=\read2
\c@pgf@counta=\count267
\c@pgf@countb=\count268
\c@pgf@countc=\count269
\c@pgf@countd=\count270
\t@pgf@toka=\toks22
\t@pgf@tokb=\toks23
\t@pgf@tokc=\toks24
\pgf@sys@id@count=\count271
 (/usr/share/texlive/texmf-dist/tex/generic/pgf/systemlayer/pgf.cfg
File: pgf.cfg 2021/05/15 v3.1.9a (3.1.9a)
)
Driver file for pgf: pgfsys-pdftex.def

(/usr/share/texlive/texmf-dist/tex/generic/pgf/systemlayer/pgfsys-pdftex.def
File: pgfsys-pdftex.def 2021/05/15 v3.1.9a (3.1.9a)

(/usr/share/texlive/texmf-dist/tex/generic/pgf/systemlayer/pgfsys-common-pdf.de
f
File: pgfsys-common-pdf.def 2021/05/15 v3.1.9a (3.1.9a)
)))
(/usr/share/texlive/texmf-dist/tex/generic/pgf/systemlayer/pgfsyssoftpath.code.
tex
File: pgfsyssoftpath.code.tex 2021/05/15 v3.1.9a (3.1.9a)
\pgfsyssoftpath@smallbuffer@items=\count272
\pgfsyssoftpath@bigbuffer@items=\count273
)
(/usr/share/texlive/texmf-dist/tex/generic/pgf/systemlayer/pgfsysprotocol.code.
tex
File: pgfsysprotocol.code.tex 2021/05/15 v3.1.9a (3.1.9a)
)) (/usr/share/texlive/texmf-dist/tex/latex/xcolor/xcolor.sty
Package: xcolor 2021/10/31 v2.13 LaTeX color extensions (UK)

(/usr/share/texlive/texmf-dist/tex/latex/graphics-cfg/color.cfg
File: color.cfg 2016/01/02 v1.6 sample color configuration
)
Package xcolor Info: Driver file: pdftex.def on input line 227.
Package xcolor Info: Model `cmy' substituted by `cmy0' on input line 1352.
Package xcolor Info: Model `hsb' substituted by `rgb' on input line 1356.
Package xcolor Info: Model `RGB' extended on input line 1368.
Package xcolor Info: Model `HTML' substituted by `rgb' on input line 1370.
Package xcolor Info: Model `Hsb' substituted by `hsb' on input line 1371.
Package xcolor Info: Model `tHsb' substituted by `hsb' on input line 1372.
Package xcolor Info: Model `HSB' substituted by `hsb' on input line 1373.
Package xcolor Info: Model `Gray' substituted by `gray' on input line 1374.
Package xcolor Info: Model `wave' substituted by `hsb' on input line 1375.
)
(/usr/share/texlive/texmf-dist/tex/generic/pgf/basiclayer/pgfcore.code.tex
Package: pgfcore 2021/05/15 v3.1.9a (3.1.9a)

(/usr/share/texlive/texmf-dist/tex/generic/pgf/math/pgfmath.code.tex
(/usr/share/texlive/texmf-dist/tex/generic/pgf/math/pgfmathcalc.code.tex
(/usr/share/texlive/texmf-dist/tex/generic/pgf/math/pgfmathutil.code.tex)
(/usr/share/texlive/texmf-dist/tex/generic/pgf/math/pgfmathparser.code.tex
\pgfmath@dimen=\dimen161
\pgfmath@count=\count274
\pgfmath@box=\box52
\pgfmath@toks=\toks25
\pgfmath@stack@operand=\toks26
\pgfmath@stack@operation=\toks27
)
(/usr/share/texlive/texmf-dist/tex/generic/pgf/math/pgfmathfunctions.code.tex
(/usr/share/texlive/texmf-dist/tex/generic/pgf/math/pgfmathfunctions.basic.code
.tex)
(/usr/share/texlive/texmf-dist/tex/generic/pgf/math/pgfmathfunctions.trigonomet
ric.code.tex)
(/usr/share/texlive/texmf-dist/tex/generic/pgf/math/pgfmathfunctions.random.cod
e.tex)
(/usr/share/texlive/texmf-dist/tex/generic/pgf/math/pgfmathfunctions.comparison
.code.tex)
(/usr/share/texlive/texmf-dist/tex/generic/pgf/math/pgfmathfunctions.base.code.
tex)
(/usr/share/texlive/texmf-dist/tex/generic/pgf/math/pgfmathfunctions.round.code
.tex)
(/usr/share/texlive/texmf-dist/tex/generic/pgf/math/pgfmathfunctions.misc.code.
tex)
(/usr/share/texlive/texmf-dist/tex/generic/pgf/math/pgfmathfunctions.integerari
thmetics.code.tex)))
(/usr/share/texlive/texmf-dist/tex/generic/pgf/math/pgfmathfloat.code.tex
\c@pgfmathroundto@lastzeros=\count275
))
(/usr/share/texlive/texmf-dist/tex/generic/pgf/math/pgfint.code.tex)
(/usr/share/texlive/texmf-dist/tex/generic/pgf/basiclayer/pgfcorepoints.code.te
x
File: pgfcorepoints.code.tex 2021/05/15 v3.1.9a (3.1.9a)
\pgf@picminx=\dimen162
\pgf@picmaxx=\dimen163
\pgf@picminy=\dimen164
\pgf@picmaxy=\dimen165
\pgf@pathminx=\dimen166
\pgf@pathmaxx=\dimen167
\pgf@pathminy=\dimen168
\pgf@pathmaxy=\dimen169
\pgf@xx=\dimen170
\pgf@xy=\dimen171
\pgf@yx=\dimen172
\pgf@yy=\dimen173
\pgf@zx=\dimen174
\pgf@zy=\dimen175
)
(/usr/share/texlive/texmf-dist/tex/generic/pgf/basiclayer/pgfcorepathconstruct.
code.tex
File: pgfcorepathconstruct.code.tex 2021/05/15 v3.1.9a (3.1.9a)
\pgf@path@lastx=\dimen176
\pgf@path@lasty=\dimen177
)
(/usr/share/texlive/texmf-dist/tex/generic/pgf/basiclayer/pgfcorepathusage.code
.tex
File: pgfcorepathusage.code.tex 2021/05/15 v3.1.9a (3.1.9a)
\pgf@shorten@end@additional=\dimen178
\pgf@shorten@start@additional=\dimen179
)
(/usr/share/texlive/texmf-dist/tex/generic/pgf/basiclayer/pgfcorescopes.code.te
x
File: pgfcorescopes.code.tex 2021/05/15 v3.1.9a (3.1.9a)
\pgfpic=\box53
\pgf@hbox=\box54
\pgf@layerbox@main=\box55
\pgf@picture@serial@count=\count276
)
(/usr/share/texlive/texmf-dist/tex/generic/pgf/basiclayer/pgfcoregraphicstate.c
ode.tex
File: pgfcoregraphicstate.code.tex 2021/05/15 v3.1.9a (3.1.9a)
\pgflinewidth=\dimen180
)
(/usr/share/texlive/texmf-dist/tex/generic/pgf/basiclayer/pgfcoretransformation
s.code.tex
File: pgfcoretransformations.code.tex 2021/05/15 v3.1.9a (3.1.9a)
\pgf@pt@x=\dimen181
\pgf@pt@y=\dimen182
\pgf@pt@temp=\dimen183
)
(/usr/share/texlive/texmf-dist/tex/generic/pgf/basiclayer/pgfcorequick.code.tex
File: pgfcorequick.code.tex 2021/05/15 v3.1.9a (3.1.9a)
)
(/usr/share/texlive/texmf-dist/tex/generic/pgf/basiclayer/pgfcoreobjects.code.t
ex
File: pgfcoreobjects.code.tex 2021/05/15 v3.1.9a (3.1.9a)
)
(/usr/share/texlive/texmf-dist/tex/generic/pgf/basiclayer/pgfcorepathprocessing
.code.tex
File: pgfcorepathprocessing.code.tex 2021/05/15 v3.1.9a (3.1.9a)
)
(/usr/share/texlive/texmf-dist/tex/generic/pgf/basiclayer/pgfcorearrows.code.te
x
File: pgfcorearrows.code.tex 2021/05/15 v3.1.9a (3.1.9a)
\pgfarrowsep=\dimen184
)
(/usr/share/texlive/texmf-dist/tex/generic/pgf/basiclayer/pgfcoreshade.code.tex
File: pgfcoreshade.code.tex 2021/05/15 v3.1.9a (3.1.9a)
\pgf@max=\dimen185
\pgf@sys@shading@range@num=\count277
\pgf@shadingcount=\count278
)
(/usr/share/texlive/texmf-dist/tex/generic/pgf/basiclayer/pgfcoreimage.code.tex
File: pgfcoreimage.code.tex 2021/05/15 v3.1.9a (3.1.9a)

(/usr/share/texlive/texmf-dist/tex/generic/pgf/basiclayer/pgfcoreexternal.code.
tex
File: pgfcoreexternal.code.tex 2021/05/15 v3.1.9a (3.1.9a)
\pgfexternal@startupbox=\box56
))
(/usr/share/texlive/texmf-dist/tex/generic/pgf/basiclayer/pgfcorelayers.code.te
x
File: pgfcorelayers.code.tex 2021/05/15 v3.1.9a (3.1.9a)
)
(/usr/share/texlive/texmf-dist/tex/generic/pgf/basiclayer/pgfcoretransparency.c
ode.tex
File: pgfcoretransparency.code.tex 2021/05/15 v3.1.9a (3.1.9a)
)
(/usr/share/texlive/texmf-dist/tex/generic/pgf/basiclayer/pgfcorepatterns.code.
tex
File: pgfcorepatterns.code.tex 2021/05/15 v3.1.9a (3.1.9a)
)
(/usr/share/texlive/texmf-dist/tex/generic/pgf/basiclayer/pgfcorerdf.code.tex
File: pgfcorerdf.code.tex 2021/05/15 v3.1.9a (3.1.9a)
)))
(/usr/share/texlive/texmf-dist/tex/generic/pgf/modules/pgfmoduleshapes.code.tex
File: pgfmoduleshapes.code.tex 2021/05/15 v3.1.9a (3.1.9a)
\pgfnodeparttextbox=\box57
) (/usr/share/texlive/texmf-dist/tex/generic/pgf/modules/pgfmoduleplot.code.tex
File: pgfmoduleplot.code.tex 2021/05/15 v3.1.9a (3.1.9a)
)
(/usr/share/texlive/texmf-dist/tex/latex/pgf/compatibility/pgfcomp-version-0-65
.sty
Package: pgfcomp-version-0-65 2021/05/15 v3.1.9a (3.1.9a)
\pgf@nodesepstart=\dimen186
\pgf@nodesepend=\dimen187
)
(/usr/share/texlive/texmf-dist/tex/latex/pgf/compatibility/pgfcomp-version-1-18
.sty
Package: pgfcomp-version-1-18 2021/05/15 v3.1.9a (3.1.9a)
)) (/usr/share/texlive/texmf-dist/tex/latex/pgf/utilities/pgffor.sty
(/usr/share/texlive/texmf-dist/tex/latex/pgf/utilities/pgfkeys.sty
(/usr/share/texlive/texmf-dist/tex/generic/pgf/utilities/pgfkeys.code.tex))
(/usr/share/texlive/texmf-dist/tex/latex/pgf/math/pgfmath.sty
(/usr/share/texlive/texmf-dist/tex/generic/pgf/math/pgfmath.code.tex))
(/usr/share/texlive/texmf-dist/tex/generic/pgf/utilities/pgffor.code.tex
Package: pgffor 2021/05/15 v3.1.9a (3.1.9a)

(/usr/share/texlive/texmf-dist/tex/generic/pgf/math/pgfmath.code.tex)
\pgffor@iter=\dimen188
\pgffor@skip=\dimen189
\pgffor@stack=\toks28
\pgffor@toks=\toks29
))
(/usr/share/texlive/texmf-dist/tex/generic/pgf/frontendlayer/tikz/tikz.code.tex
Package: tikz 2021/05/15 v3.1.9a (3.1.9a)

(/usr/share/texlive/texmf-dist/tex/generic/pgf/libraries/pgflibraryplothandlers
.code.tex
File: pgflibraryplothandlers.code.tex 2021/05/15 v3.1.9a (3.1.9a)
\pgf@plot@mark@count=\count279
\pgfplotmarksize=\dimen190
)
\tikz@lastx=\dimen191
\tikz@lasty=\dimen192
\tikz@lastxsaved=\dimen193
\tikz@lastysaved=\dimen194
\tikz@lastmovetox=\dimen195
\tikz@lastmovetoy=\dimen196
\tikzleveldistance=\dimen197
\tikzsiblingdistance=\dimen198
\tikz@figbox=\box58
\tikz@figbox@bg=\box59
\tikz@tempbox=\box60
\tikz@tempbox@bg=\box61
\tikztreelevel=\count280
\tikznumberofchildren=\count281
\tikznumberofcurrentchild=\count282
\tikz@fig@count=\count283

(/usr/share/texlive/texmf-dist/tex/generic/pgf/modules/pgfmodulematrix.code.tex
File: pgfmodulematrix.code.tex 2021/05/15 v3.1.9a (3.1.9a)
\pgfmatrixcurrentrow=\count284
\pgfmatrixcurrentcolumn=\count285
\pgf@matrix@numberofcolumns=\count286
)
\tikz@expandcount=\count287

(/usr/share/texlive/texmf-dist/tex/generic/pgf/frontendlayer/tikz/libraries/tik
zlibrarytopaths.code.tex
File: tikzlibrarytopaths.code.tex 2021/05/15 v3.1.9a (3.1.9a)
)))
(/usr/share/texlive/texmf-dist/tex/generic/babel/babel.sty
Package: babel 2022/01/26 3.70 The Babel package
\babel@savecnt=\count288
\U@D=\dimen199
\l@unhyphenated=\language87

(/usr/share/texlive/texmf-dist/tex/generic/babel/txtbabel.def)
\bbl@readstream=\read3
\bbl@dirlevel=\count289

(/usr/share/texlive/texmf-dist/tex/generic/babel-spanish/spanish.ldf
Language: spanish.ldf 2021/05/27 v5.0q Spanish support from the babel system
\es@quottoks=\toks30
\es@quotdepth=\count290
Package babel Info: Making " an active character on input line 570.
Package babel Info: Making . an active character on input line 675.
Package babel Info: Making < an active character on input line 722.
Package babel Info: Making > an active character on input line 722.
))
(/usr/share/texlive/texmf-dist/tex/latex/fancyhdr/fancyhdr.sty
Package: fancyhdr 2021/01/28 v4.0.1 Extensive control of page headers and foote
rs
\f@nch@headwidth=\skip49
\f@nch@O@elh=\skip50
\f@nch@O@erh=\skip51
\f@nch@O@olh=\skip52
\f@nch@O@orh=\skip53
\f@nch@O@elf=\skip54
\f@nch@O@erf=\skip55
\f@nch@O@olf=\skip56
\f@nch@O@orf=\skip57
)
(/usr/share/texlive/texmf-dist/tex/latex/amsfonts/amssymb.sty
Package: amssymb 2013/01/14 v3.01 AMS font symbols

(/usr/share/texlive/texmf-dist/tex/latex/amsfonts/amsfonts.sty
Package: amsfonts 2013/01/14 v3.01 Basic AMSFonts support
\@emptytoks=\toks31
\symAMSa=\mathgroup4
\symAMSb=\mathgroup5
LaTeX Font Info:    Redeclaring math symbol \hbar on input line 98.
LaTeX Font Info:    Overwriting math alphabet `\mathfrak' in version `bold'
(Font)                  U/euf/m/n --> U/euf/b/n on input line 106.
))
(/usr/share/texlive/texmf-dist/tex/latex/blindtext/blindtext.sty
Package: blindtext 2012/01/06 V2.0 blindtext-Package

(/usr/share/texlive/texmf-dist/tex/latex/tools/xspace.sty
Package: xspace 2014/10/28 v1.13 Space after command names (DPC,MH)
)
\c@blindtext=\count291
\c@Blindtext=\count292
\c@blind@countparstart=\count293
\blind@countxx=\count294
\blindtext@numBlindtext=\count295
\blind@countyy=\count296
\c@blindlist=\count297
\c@blindlistlevel=\count298
\c@blindlist@level=\count299
\blind@listitem=\count300
\c@blind@listcount=\count301
\c@blind@levelcount=\count302
\blind@mathformula=\count303
\blind@Mathformula=\count304
\c@blind@randomcount=\count305
\c@blind@randommax=\count306
\c@blind@pangramcount=\count307
\c@blind@pangrammax=\count308
)
(/usr/share/texlive/texmf-dist/tex/latex/amsmath/amsmath.sty
Package: amsmath 2021/10/15 v2.17l AMS math features
\@mathmargin=\skip58

For additional information on amsmath, use the `?' option.
(/usr/share/texlive/texmf-dist/tex/latex/amsmath/amstext.sty
Package: amstext 2021/08/26 v2.01 AMS text

(/usr/share/texlive/texmf-dist/tex/latex/amsmath/amsgen.sty
File: amsgen.sty 1999/11/30 v2.0 generic functions
\@emptytoks=\toks32
\ex@=\dimen256
))
(/usr/share/texlive/texmf-dist/tex/latex/amsmath/amsbsy.sty
Package: amsbsy 1999/11/29 v1.2d Bold Symbols
\pmbraise@=\dimen257
)
(/usr/share/texlive/texmf-dist/tex/latex/amsmath/amsopn.sty
Package: amsopn 2021/08/26 v2.02 operator names
)
\inf@bad=\count309
LaTeX Info: Redefining \frac on input line 234.
\uproot@=\count310
\leftroot@=\count311
LaTeX Info: Redefining \overline on input line 399.
\classnum@=\count312
\DOTSCASE@=\count313
LaTeX Info: Redefining \ldots on input line 496.
LaTeX Info: Redefining \dots on input line 499.
LaTeX Info: Redefining \cdots on input line 620.
\Mathstrutbox@=\box62
\strutbox@=\box63
\big@size=\dimen258
LaTeX Font Info:    Redeclaring font encoding OML on input line 743.
LaTeX Font Info:    Redeclaring font encoding OMS on input line 744.
\macc@depth=\count314
\c@MaxMatrixCols=\count315
\dotsspace@=\muskip16
\c@parentequation=\count316
\dspbrk@lvl=\count317
\tag@help=\toks33
\row@=\count318
\column@=\count319
\maxfields@=\count320
\andhelp@=\toks34
\eqnshift@=\dimen259
\alignsep@=\dimen260
\tagshift@=\dimen261
\tagwidth@=\dimen262
\totwidth@=\dimen263
\lineht@=\dimen264
\@envbody=\toks35
\multlinegap=\skip59
\multlinetaggap=\skip60
\mathdisplay@stack=\toks36
LaTeX Info: Redefining \[ on input line 2938.
LaTeX Info: Redefining \] on input line 2939.
)
(/usr/share/texlive/texmf-dist/tex/latex/carlisle/slashed.sty
Package: slashed 1997/01/16 v0.01 Feynman Slashed Character Notation (DPC)
)
(/usr/share/texlive/texmf-dist/tex/latex/mathtools/mathtools.sty
Package: mathtools 2021/02/02 v1.28 mathematical typesetting tools

(/usr/share/texlive/texmf-dist/tex/latex/tools/calc.sty
Package: calc 2017/05/25 v4.3 Infix arithmetic (KKT,FJ)
\calc@Acount=\count321
\calc@Bcount=\count322
\calc@Adimen=\dimen265
\calc@Bdimen=\dimen266
\calc@Askip=\skip61
\calc@Bskip=\skip62
LaTeX Info: Redefining \setlength on input line 80.
LaTeX Info: Redefining \addtolength on input line 81.
\calc@Ccount=\count323
\calc@Cskip=\skip63
)
(/usr/share/texlive/texmf-dist/tex/latex/mathtools/mhsetup.sty
Package: mhsetup 2021/03/18 v1.4 programming setup (MH)
)
\g_MT_multlinerow_int=\count324
\l_MT_multwidth_dim=\dimen267
\origjot=\skip64
\l_MT_shortvdotswithinadjustabove_dim=\dimen268
\l_MT_shortvdotswithinadjustbelow_dim=\dimen269
\l_MT_above_intertext_sep=\dimen270
\l_MT_below_intertext_sep=\dimen271
\l_MT_above_shortintertext_sep=\dimen272
\l_MT_below_shortintertext_sep=\dimen273
\xmathstrut@box=\box64
\xmathstrut@dim=\dimen274
)
(/usr/share/texlive/texmf-dist/tex/latex/graphics/lscape.sty
Package: lscape 2020/05/28 v3.02 Landscape Pages (DPC)
)
(/usr/share/texlive/texmf-dist/tex/latex/jknapltx/mathrsfs.sty
Package: mathrsfs 1996/01/01 Math RSFS package v1.0 (jk)
\symrsfs=\mathgroup6
)
(/usr/share/texlive/texmf-dist/tex/latex/cancel/cancel.sty
Package: cancel 2013/04/12 v2.2 Cancel math terms
)
(/usr/share/texlive/texmf-dist/tex/latex/comment/comment.sty
\CommentStream=\write4

Excluding comment 'comment')
(/usr/share/texlive/texmf-dist/tex/latex/physics/physics.sty
Package: physics 

(/usr/share/texlive/texmf-dist/tex/latex/l3packages/xparse/xparse.sty
Package: xparse 2022-01-12 L3 Experimental document command parser
))
(/usr/share/texlive/texmf-dist/tex/latex/bbm-macros/bbm.sty
Package: bbm 1999/03/15 V 1.2 provides fonts for set symbols - TH
LaTeX Font Info:    Overwriting math alphabet `\mathbbm' in version `bold'
(Font)                  U/bbm/m/n --> U/bbm/bx/n on input line 33.
LaTeX Font Info:    Overwriting math alphabet `\mathbbmss' in version `bold'
(Font)                  U/bbmss/m/n --> U/bbmss/bx/n on input line 35.
)
(/usr/share/texlive/texmf-dist/tex/latex/caption/subcaption.sty
Package: subcaption 2020/10/07 v1.3j Sub-captions (AR)

(/usr/share/texlive/texmf-dist/tex/latex/caption/caption.sty
Package: caption 2020/10/26 v3.5g Customizing captions (AR)

(/usr/share/texlive/texmf-dist/tex/latex/caption/caption3.sty
Package: caption3 2020/10/21 v2.2e caption3 kernel (AR)
\captionmargin=\dimen275
\captionmargin@=\dimen276
\captionwidth=\dimen277
\caption@tempdima=\dimen278
\caption@indent=\dimen279
\caption@parindent=\dimen280
\caption@hangindent=\dimen281
Package caption Info: Standard document class detected.
)
\c@caption@flags=\count325
\c@continuedfloat=\count326
)
\c@subfigure=\count327
\c@subtable=\count328
)
(/usr/share/texlive/texmf-dist/tex/latex/was/upgreek.sty
Package: upgreek 2003/02/12 v2.0 (WaS)
Package upgreek Info: Using Adobe Symbol, scaled 900, for upright Greek on inpu
t line 85.
\symugrf@m=\mathgroup7
)
(/usr/share/texlive/texmf-dist/tex/latex/makecell/makecell.sty
Package: makecell 2009/08/03 V0.1e Managing of Tab Column Heads and Cells

(/usr/share/texlive/texmf-dist/tex/latex/tools/array.sty
Package: array 2021/10/04 v2.5f Tabular extension package (FMi)
\col@sep=\dimen282
\ar@mcellbox=\box65
\extrarowheight=\dimen283
\NC@list=\toks37
\extratabsurround=\skip65
\backup@length=\skip66
\ar@cellbox=\box66
)
\rotheadsize=\dimen284
\c@nlinenum=\count329
\TeXr@lab=\toks38
)
(/usr/share/texlive/texmf-dist/tex/latex/oubraces/oubraces.sty)
(/usr/share/texlive/texmf-dist/tex/latex/l3packages/xfrac/xfrac.sty
(/usr/share/texlive/texmf-dist/tex/latex/base/textcomp.sty
Package: textcomp 2020/02/02 v2.0n Standard LaTeX package
)
(/usr/share/texlive/texmf-dist/tex/latex/l3packages/xtemplate/xtemplate.sty
Package: xtemplate 2022-01-12 L3 Experimental prototype document functions
\l__xtemplate_tmp_dim=\dimen285
\l__xtemplate_tmp_int=\count330
\l__xtemplate_tmp_muskip=\muskip17
\l__xtemplate_tmp_skip=\skip67
)
Package: xfrac 2022-01-12 L3 Experimental split-level fractions
\l__xfrac_slash_box=\box67
\l__xfrac_tmp_box=\box68
\l__xfrac_denominator_bot_sep_dim=\dimen286
\l__xfrac_numerator_bot_sep_dim=\dimen287
\l__xfrac_numerator_top_sep_dim=\dimen288
\l__xfrac_slash_left_sep_dim=\dimen289
\l__xfrac_slash_right_sep_dim=\dimen290
\l__xfrac_slash_left_muskip=\muskip18
\l__xfrac_slash_right_muskip=\muskip19

Package xtemplate Info: Declaring object type 'xfrac' taking 3 argument(s) on
(xtemplate)             line 80.

)
(/usr/share/texlive/texmf-dist/tex/latex/tensor/tensor.sty
Package: tensor 2004/12/20 v2.1 tensor indices package (PGR)
\tnsr@Sps=\toks39
\tnsr@Sbs=\toks40
\tnsr@Spe=\toks41
\tnsr@Sbe=\toks42
\ncld@Mno=\toks43
)
(/usr/share/texlive/texmf-dist/tex/latex/enumitem/enumitem.sty
Package: enumitem 2019/06/20 v3.9 Customized lists
\labelindent=\skip68
\enit@outerparindent=\dimen291
\enit@toks=\toks44
\enit@inbox=\box69
\enit@count@id=\count331
\enitdp@description=\count332
)
(/usr/share/texlive/texmf-dist/tex/latex/booktabs/booktabs.sty
Package: booktabs 2020/01/12 v1.61803398 Publication quality tables
\heavyrulewidth=\dimen292
\lightrulewidth=\dimen293
\cmidrulewidth=\dimen294
\belowrulesep=\dimen295
\belowbottomsep=\dimen296
\aboverulesep=\dimen297
\abovetopsep=\dimen298
\cmidrulesep=\dimen299
\cmidrulekern=\dimen300
\defaultaddspace=\dimen301
\@cmidla=\count333
\@cmidlb=\count334
\@aboverulesep=\dimen302
\@belowrulesep=\dimen303
\@thisruleclass=\count335
\@lastruleclass=\count336
\@thisrulewidth=\dimen304
)
(/usr/share/texlive/texmf-dist/tex/generic/pgf/frontendlayer/tikz/libraries/tik
zlibrarydecorations.pathmorphing.code.tex
(/usr/share/texlive/texmf-dist/tex/generic/pgf/frontendlayer/tikz/libraries/tik
zlibrarydecorations.code.tex
(/usr/share/texlive/texmf-dist/tex/generic/pgf/modules/pgfmoduledecorations.cod
e.tex
\pgfdecoratedcompleteddistance=\dimen305
\pgfdecoratedremainingdistance=\dimen306
\pgfdecoratedinputsegmentcompleteddistance=\dimen307
\pgfdecoratedinputsegmentremainingdistance=\dimen308
\pgf@decorate@distancetomove=\dimen309
\pgf@decorate@repeatstate=\count337
\pgfdecorationsegmentamplitude=\dimen310
\pgfdecorationsegmentlength=\dimen311
)
\tikz@lib@dec@box=\box70
)
(/usr/share/texlive/texmf-dist/tex/generic/pgf/libraries/decorations/pgflibrary
decorations.pathmorphing.code.tex))
(/usr/share/texlive/texmf-dist/tex/generic/pgf/frontendlayer/tikz/libraries/tik
zlibrarypatterns.code.tex
File: tikzlibrarypatterns.code.tex 2021/05/15 v3.1.9a (3.1.9a)

(/usr/share/texlive/texmf-dist/tex/generic/pgf/libraries/pgflibrarypatterns.cod
e.tex
File: pgflibrarypatterns.code.tex 2021/05/15 v3.1.9a (3.1.9a)
))
(/usr/share/texlive/texmf-dist/tex/generic/pgf/frontendlayer/tikz/libraries/tik
zlibrarycalc.code.tex
File: tikzlibrarycalc.code.tex 2021/05/15 v3.1.9a (3.1.9a)
)
(/usr/share/texlive/texmf-dist/tex/generic/pgf/frontendlayer/tikz/libraries/tik
zlibrarybabel.code.tex
File: tikzlibrarybabel.code.tex 2021/05/15 v3.1.9a (3.1.9a)
)
(/usr/share/texlive/texmf-dist/tex/latex/float/float.sty
Package: float 2001/11/08 v1.3d Float enhancements (AL)
\c@float@type=\count338
\float@exts=\toks45
\float@box=\box71
\@float@everytoks=\toks46
\@floatcapt=\box72
)
(/usr/share/texlive/texmf-dist/tex/latex/parskip/parskip.sty
Package: parskip 2021-03-14 v2.0h non-zero parskip adjustments

(/usr/share/texlive/texmf-dist/tex/latex/kvoptions/kvoptions.sty
Package: kvoptions 2020-10-07 v3.14 Key value format for package options (HO)

(/usr/share/texlive/texmf-dist/tex/generic/ltxcmds/ltxcmds.sty
Package: ltxcmds 2020-05-10 v1.25 LaTeX kernel commands for general use (HO)
)
(/usr/share/texlive/texmf-dist/tex/generic/kvsetkeys/kvsetkeys.sty
Package: kvsetkeys 2019/12/15 v1.18 Key value parser (HO)
))
(/usr/share/texlive/texmf-dist/tex/latex/etoolbox/etoolbox.sty
Package: etoolbox 2020/10/05 v2.5k e-TeX tools for LaTeX (JAW)
\etb@tempcnta=\count339
))
(/usr/share/texlive/texmf-dist/tex/latex/psnfss/pifont.sty
Package: pifont 2020/03/25 PSNFSS-v9.3 Pi font support (SPQR) 
LaTeX Font Info:    Trying to load font information for U+pzd on input line 63.


(/usr/share/texlive/texmf-dist/tex/latex/psnfss/upzd.fd
File: upzd.fd 2001/06/04 font definitions for U/pzd.
)
LaTeX Font Info:    Trying to load font information for U+psy on input line 64.


(/usr/share/texlive/texmf-dist/tex/latex/psnfss/upsy.fd
File: upsy.fd 2001/06/04 font definitions for U/psy.
))
(/usr/share/texlive/texmf-dist/tex/latex/ccicons/ccicons.sty
Package: ccicons 2017/10/30 v1.6 LaTeX support for Creative Commons icons

(/usr/share/texlive/texmf-dist/tex/latex/xkeyval/xkeyval.sty
Package: xkeyval 2020/11/20 v2.8 package option processing (HA)

(/usr/share/texlive/texmf-dist/tex/generic/xkeyval/xkeyval.tex
(/usr/share/texlive/texmf-dist/tex/generic/xkeyval/xkvutils.tex
\XKV@toks=\toks47
\XKV@tempa@toks=\toks48
)
\XKV@depth=\count340
File: xkeyval.tex 2014/12/03 v2.7a key=value parser (HA)
)))
(/usr/share/texlive/texmf-dist/tex/latex/ieeetran/IEEEtrantools.sty
Package: IEEEtrantools 2015/08/26 V1.5 by Michael Shell

-- See the "IEEEtrantools_doc.txt" manual for usage information.
-- http://www.michaelshell.org/tex/ieeetran/tools/
\@IEEEtrantmpdimenA=\dimen312
\@IEEEtrantmpdimenB=\dimen313
\@IEEEtrantmpdimenC=\dimen314
\@IEEEtrantmpcountA=\count341
\@IEEEtrantmpcountB=\count342
\@IEEEtrantmpcountC=\count343
\@IEEEtrantmptoksA=\toks49
\IEEEnormaljot=\dimen315
\IEEEquantizedlength=\dimen316
\IEEEquantizedlengthdiff=\dimen317
\IEEEquantizedtextheightdiff=\dimen318
\IEEEilabelindentA=\dimen319
\IEEEilabelindentB=\dimen320
\IEEEilabelindent=\dimen321
\IEEEelabelindent=\dimen322
\IEEEdlabelindent=\dimen323
\IEEElabelindent=\dimen324
\IEEEiednormlabelsep=\dimen325
\IEEEiedmathlabelsep=\dimen326
\IEEEiedtopsep=\skip69
\c@IEEEsubequation=\count344
\@IEEEeqnnumcols=\count345
\@IEEEeqncolcnt=\count346
\@IEEEsubeqnnumrollback=\count347
\IEEEPARstartletwidth=\dimen327
) (/usr/share/texlive/texmf-dist/tex/latex/fontawesome/fontawesome.sty
Package: fontawesome 2016/05/15 v4.6.3.1 font awesome icons

(/usr/share/texlive/texmf-dist/tex/generic/iftex/ifxetex.sty
Package: ifxetex 2019/10/25 v0.7 ifxetex legacy package. Use iftex instead.
)
(/usr/share/texlive/texmf-dist/tex/generic/iftex/ifluatex.sty
Package: ifluatex 2019/10/25 v1.5 ifluatex legacy package. Use iftex instead.
)
(/usr/share/texlive/texmf-dist/tex/latex/fontawesome/fontawesomesymbols-generic
.tex)
(/usr/share/texlive/texmf-dist/tex/latex/fontawesome/fontawesomesymbols-pdftex.
tex)) (/usr/share/texlive/texmf-dist/tex/latex/tkz-euclide/tkz-euclide.sty
2022/01/19 4.03 tkz-euclide.sty
Package: tkz-euclide  2022/01/19 4.03 for pure Euclidean Geometry 

(/usr/share/texlive/texmf-dist/tex/generic/pgf/frontendlayer/tikz/libraries/tik
zlibraryangles.code.tex
File: tikzlibraryangles.code.tex 2021/05/15 v3.1.9a (3.1.9a)
)
(/usr/share/texlive/texmf-dist/tex/generic/pgf/frontendlayer/tikz/libraries/tik
zlibraryarrows.code.tex
File: tikzlibraryarrows.code.tex 2021/05/15 v3.1.9a (3.1.9a)

(/usr/share/texlive/texmf-dist/tex/generic/pgf/libraries/pgflibraryarrows.code.
tex
File: pgflibraryarrows.code.tex 2021/05/15 v3.1.9a (3.1.9a)
\arrowsize=\dimen328
))
(/usr/share/texlive/texmf-dist/tex/generic/pgf/libraries/pgflibraryarrows.meta.
code.tex
File: pgflibraryarrows.meta.code.tex 2021/05/15 v3.1.9a (3.1.9a)
\pgfarrowinset=\dimen329
\pgfarrowlength=\dimen330
\pgfarrowwidth=\dimen331
\pgfarrowlinewidth=\dimen332
)
(/usr/share/texlive/texmf-dist/tex/generic/pgf/frontendlayer/tikz/libraries/tik
zlibrarydecorations.markings.code.tex
(/usr/share/texlive/texmf-dist/tex/generic/pgf/libraries/decorations/pgflibrary
decorations.markings.code.tex))
(/usr/share/texlive/texmf-dist/tex/generic/pgf/frontendlayer/tikz/libraries/tik
zlibrarydecorations.pathreplacing.code.tex
(/usr/share/texlive/texmf-dist/tex/generic/pgf/libraries/decorations/pgflibrary
decorations.pathreplacing.code.tex))
(/usr/share/texlive/texmf-dist/tex/generic/pgf/frontendlayer/tikz/libraries/tik
zlibrarydecorations.shapes.code.tex
(/usr/share/texlive/texmf-dist/tex/generic/pgf/libraries/decorations/pgflibrary
decorations.shapes.code.tex))
(/usr/share/texlive/texmf-dist/tex/generic/pgf/frontendlayer/tikz/libraries/tik
zlibrarydecorations.text.code.tex
(/usr/share/texlive/texmf-dist/tex/generic/pgf/libraries/decorations/pgflibrary
decorations.text.code.tex
\pgf@lib@dec@text@box=\box73
)
\tikz@lib@dec@te@box=\box74
)
(/usr/share/texlive/texmf-dist/tex/generic/pgf/frontendlayer/tikz/libraries/tik
zlibraryintersections.code.tex
(/usr/share/texlive/texmf-dist/tex/generic/pgf/libraries/pgflibraryintersection
s.code.tex
(/usr/share/texlive/texmf-dist/tex/generic/pgf/libraries/pgflibraryfpu.code.tex
)
\pgf@intersect@solutions=\count348
))
(/usr/share/texlive/texmf-dist/tex/generic/pgf/frontendlayer/tikz/libraries/tik
zlibraryplotmarks.code.tex
File: tikzlibraryplotmarks.code.tex 2021/05/15 v3.1.9a (3.1.9a)

(/usr/share/texlive/texmf-dist/tex/generic/pgf/libraries/pgflibraryplotmarks.co
de.tex
File: pgflibraryplotmarks.code.tex 2021/05/15 v3.1.9a (3.1.9a)
))
(/usr/share/texlive/texmf-dist/tex/generic/pgf/frontendlayer/tikz/libraries/tik
zlibraryquotes.code.tex
File: tikzlibraryquotes.code.tex 2021/05/15 v3.1.9a (3.1.9a)
)
(/usr/share/texlive/texmf-dist/tex/generic/pgf/frontendlayer/tikz/libraries/tik
zlibraryshapes.misc.code.tex
File: tikzlibraryshapes.misc.code.tex 2021/05/15 v3.1.9a (3.1.9a)

(/usr/share/texlive/texmf-dist/tex/generic/pgf/libraries/shapes/pgflibraryshape
s.misc.code.tex
File: pgflibraryshapes.misc.code.tex 2021/05/15 v3.1.9a (3.1.9a)
))
(/usr/share/texlive/texmf-dist/tex/latex/l3packages/xfp/xfp.sty
Package: xfp 2022-01-12 L3 Floating point unit
)
\tkzRadius=\dimen333
\tkzLength=\dimen334
\tkz@radi=\dimen335
\tkz@ax=\dimen336
\tkz@ay=\dimen337
\tkz@bx=\dimen338
\tkz@by=\dimen339
\tkz@cx=\dimen340
\tkz@cy=\dimen341
\tkz@dx=\dimen342
\tkz@dy=\dimen343
\tkz@cntmk=\count349

Local configuration file tkz-euclide.cfg found and used
(/usr/share/texlive/texmf-dist/tex/latex/tkz-euclide/tkz-euclide.cfg
2022/01/19 4.03 tkz-euclide.cfg
) (/usr/share/texlive/texmf-dist/tex/latex/tkz-euclide/tkz-tools-eu-base.tex
2022/01/19 4.03 tkz-tools-eu-base.tex
)
(/usr/share/texlive/texmf-dist/tex/latex/tkz-euclide/tkz-tools-eu-utilities.tex
2022/01/19 4.03 tkz-tools-eu-utilities.tex
) (/usr/share/texlive/texmf-dist/tex/latex/tkz-euclide/tkz-tools-eu-BB.tex
2022/01/19 4.03 tkz-obj-eu-BB.tex
) (/usr/share/texlive/texmf-dist/tex/latex/tkz-euclide/tkz-obj-eu-grids.tex
2022/01/19 4.03 tkz-obj-eu-grids.tex
) (/usr/share/texlive/texmf-dist/tex/latex/tkz-euclide/tkz-lib-eu-marks.tex
2022/01/19 4.03 tkz-lib-eu-marks.tex
) (/usr/share/texlive/texmf-dist/tex/latex/tkz-euclide/tkz-tools-eu-text.tex
2022/01/19 4.03 tkz-tools-eu-text.tex
) (/usr/share/texlive/texmf-dist/tex/latex/tkz-euclide/tkz-lib-eu-shape.tex
2022/01/19 4.03 tkz-lib-eu-shape.tex
) (/usr/share/texlive/texmf-dist/tex/latex/tkz-euclide/tkz-obj-eu-axesmin.tex
2022/01/19 4.03 tkz-obj-eu-axesmin
) (/usr/share/texlive/texmf-dist/tex/latex/tkz-euclide/tkz-tools-eu-colors.tex
2022/01/19 4.03 tkz-tools-eu-colors
) (/usr/share/texlive/texmf-dist/tex/latex/tkz-euclide/tkz-obj-eu-points.tex
2022/01/19 4.03 tkz-obj-eu-points.tex
) (/usr/share/texlive/texmf-dist/tex/latex/tkz-euclide/tkz-tools-eu-math.tex
2022/01/19 4.03 tkz-tools-eu-math.tex
)
(/usr/share/texlive/texmf-dist/tex/latex/tkz-euclide/tkz-tools-eu-intersections
.tex
2022/01/19 4.03 tkz-tools-intersections.tex
) (/usr/share/texlive/texmf-dist/tex/latex/tkz-euclide/tkz-tools-eu-angles.tex
2022/01/19 4.03 tkz-tools-angles.tex
) (/usr/share/texlive/texmf-dist/tex/latex/tkz-euclide/tkz-obj-eu-compass.tex
2022/01/19 4.03 tkz-obj-eu-compass.tex
) (/usr/share/texlive/texmf-dist/tex/latex/tkz-euclide/tkz-obj-eu-circles.tex
2022/01/19 4.03 tkz-obj-eu-circles.tex
)
(/usr/share/texlive/texmf-dist/tex/latex/tkz-euclide/tkz-obj-eu-circles-by.tex
2022/01/19 4.03 tkz-obj-eu-circles.tex
)
(/usr/share/texlive/texmf-dist/tex/latex/tkz-euclide/tkz-obj-eu-draw-angles.tex
2022/01/19 4.03 tkz-tool-eu-angles.tex
\tkz@arcsize=\dimen344
\tkz@fillsize=\dimen345
)
(/usr/share/texlive/texmf-dist/tex/latex/tkz-euclide/tkz-obj-eu-draw-circles.te
x
2022/01/19 4.03 tkz-obj-eu-draw-circles.tex
)
(/usr/share/texlive/texmf-dist/tex/latex/tkz-euclide/tkz-obj-eu-draw-lines.tex
2022/01/19 4.03 tkz-obj-eu-draw-lines.tex
)
(/usr/share/texlive/texmf-dist/tex/latex/tkz-euclide/tkz-obj-eu-draw-polygons.t
ex
2022/01/19 4.03 tkz-obj-eu-polygons.tex
)
(/usr/share/texlive/texmf-dist/tex/latex/tkz-euclide/tkz-obj-eu-draw-triangles.
tex
2022/01/19 4.03 tkz-obj-eu-draw-triangles.tex
) (/usr/share/texlive/texmf-dist/tex/latex/tkz-euclide/tkz-obj-eu-lines.tex
2022/01/19 4.03 tkz-obj-eu-lines.tex
) (/usr/share/texlive/texmf-dist/tex/latex/tkz-euclide/tkz-obj-eu-points-by.tex
2022/01/19 4.03 tkz-tools-el-points-by.tex
)
(/usr/share/texlive/texmf-dist/tex/latex/tkz-euclide/tkz-obj-eu-points-rnd.tex
2022/01/19 4.03 tkz-obj-el-points-rnd.tex
)
(/usr/share/texlive/texmf-dist/tex/latex/tkz-euclide/tkz-obj-eu-points-spc.tex
2022/01/19 4.03 tkz-obj-el-points.tex
)
(/usr/share/texlive/texmf-dist/tex/latex/tkz-euclide/tkz-obj-eu-points-with.tex
2022/01/19 4.03 tkz-obj-el-points-with.tex
) (/usr/share/texlive/texmf-dist/tex/latex/tkz-euclide/tkz-obj-eu-polygons.tex
2022/01/19 4.03 tkz-obj-eu-polygons.tex
)
(/usr/share/texlive/texmf-dist/tex/latex/tkz-euclide/tkz-obj-eu-protractor.tex
2022/01/19 4.03 tkz-obj-eu-protractor.tex
) (/usr/share/texlive/texmf-dist/tex/latex/tkz-euclide/tkz-obj-eu-sectors.tex
2022/01/19 4.03 tkz-obj-eu-sectors.tex
) (/usr/share/texlive/texmf-dist/tex/latex/tkz-euclide/tkz-obj-eu-show.tex
2022/01/19 4.03 tkz-obj-eu-show.tex
) (/usr/share/texlive/texmf-dist/tex/latex/tkz-euclide/tkz-obj-eu-triangles.tex
2022/01/19 4.03 tkz-obj-eu-triangles.tex
)) (/usr/share/texlive/texmf-dist/tex/latex/psnfss/avant.sty
Package: avant 2020/03/25 PSNFSS-v9.3 (SPQR) 
)
(/usr/share/texlive/texmf-dist/tex/latex/microtype/microtype.sty
Package: microtype 2021/12/10 v3.0b Micro-typographical refinements (RS)
\MT@toks=\toks50
\MT@count=\count350
\MT@tempbox=\box75
LaTeX Info: Redefining \leftprotrusion on input line 1010.
LaTeX Info: Redefining \rightprotrusion on input line 1018.
LaTeX Info: Redefining \textls on input line 1173.
\MT@outer@kern=\dimen346
LaTeX Info: Redefining \textmicrotypecontext on input line 1759.
\MT@listname@count=\count351

(/usr/share/texlive/texmf-dist/tex/latex/microtype/microtype-pdftex.def
File: microtype-pdftex.def 2021/12/10 v3.0b Definitions specific to pdftex (RS)

LaTeX Info: Redefining \lsstyle on input line 897.
LaTeX Info: Redefining \lslig on input line 897.
\MT@outer@space=\skip70
)
Package microtype Info: Loading configuration file microtype.cfg.

(/usr/share/texlive/texmf-dist/tex/latex/microtype/microtype.cfg
File: microtype.cfg 2021/12/10 v3.0b microtype main configuration file (RS)
))
(/usr/share/texlive/texmf-dist/tex/latex/base/inputenc.sty
Package: inputenc 2021/02/14 v1.3d Input encoding file
\inpenc@prehook=\toks51
\inpenc@posthook=\toks52
)
(/usr/share/texlive/texmf-dist/tex/latex/base/fontenc.sty
Package: fontenc 2021/04/29 v2.0v Standard LaTeX package
)
(/usr/share/texlive/texmf-dist/tex/latex/csquotes/csquotes.sty
Package: csquotes 2021-02-22 v5.2l context-sensitive quotations (JAW)
\csq@reset=\count352
\csq@gtype=\count353
\csq@glevel=\count354
\csq@qlevel=\count355
\csq@maxlvl=\count356
\csq@tshold=\count357
\csq@ltx@everypar=\toks53

(/usr/share/texlive/texmf-dist/tex/latex/csquotes/csquotes.def
File: csquotes.def 2021-02-22 v5.2l csquotes generic definitions (JAW)
)
Package csquotes Info: Trying to load configuration file 'csquotes.cfg'...
Package csquotes Info: ... configuration file loaded successfully.

(/usr/share/texlive/texmf-dist/tex/latex/csquotes/csquotes.cfg
File: csquotes.cfg 
))
(/usr/share/texlive/texmf-dist/tex/latex/biblatex/biblatex.sty
Package: biblatex 2022/02/02 v3.17 programmable bibliographies (PK/MW)

(/usr/share/texlive/texmf-dist/tex/generic/pdftexcmds/pdftexcmds.sty
Package: pdftexcmds 2020-06-27 v0.33 Utility functions of pdfTeX for LuaTeX (HO
)

(/usr/share/texlive/texmf-dist/tex/generic/infwarerr/infwarerr.sty
Package: infwarerr 2019/12/03 v1.5 Providing info/warning/error messages (HO)
)
Package pdftexcmds Info: \pdf@primitive is available.
Package pdftexcmds Info: \pdf@ifprimitive is available.
Package pdftexcmds Info: \pdfdraftmode found.
)
(/usr/share/texlive/texmf-dist/tex/latex/logreq/logreq.sty
Package: logreq 2010/08/04 v1.0 xml request logger
\lrq@indent=\count358

(/usr/share/texlive/texmf-dist/tex/latex/logreq/logreq.def
File: logreq.def 2010/08/04 v1.0 logreq spec v1.0
))
(/usr/share/texlive/texmf-dist/tex/latex/base/ifthen.sty
Package: ifthen 2020/11/24 v1.1c Standard LaTeX ifthen package (DPC)
)
(/usr/share/texlive/texmf-dist/tex/latex/url/url.sty
\Urlmuskip=\muskip20
Package: url 2013/09/16  ver 3.4  Verb mode for urls, etc.
)
\c@tabx@nest=\count359
\c@listtotal=\count360
\c@listcount=\count361
\c@liststart=\count362
\c@liststop=\count363
\c@citecount=\count364
\c@citetotal=\count365
\c@multicitecount=\count366
\c@multicitetotal=\count367
\c@instcount=\count368
\c@maxnames=\count369
\c@minnames=\count370
\c@maxitems=\count371
\c@minitems=\count372
\c@citecounter=\count373
\c@maxcitecounter=\count374
\c@savedcitecounter=\count375
\c@uniquelist=\count376
\c@uniquename=\count377
\c@refsection=\count378
\c@refsegment=\count379
\c@maxextratitle=\count380
\c@maxextratitleyear=\count381
\c@maxextraname=\count382
\c@maxextradate=\count383
\c@maxextraalpha=\count384
\c@abbrvpenalty=\count385
\c@highnamepenalty=\count386
\c@lownamepenalty=\count387
\c@maxparens=\count388
\c@parenlevel=\count389
\blx@tempcnta=\count390
\blx@tempcntb=\count391
\blx@tempcntc=\count392
\c@blx@maxsection=\count393
\c@blx@maxsegment@0=\count394
\blx@notetype=\count395
\blx@parenlevel@text=\count396
\blx@parenlevel@foot=\count397
\c@blx@sectionciteorder@0=\count398
\blx@entrysetcounter=\count399
\blx@biblioinstance=\count400
\labelnumberwidth=\skip71
\labelalphawidth=\skip72
\biblabelsep=\skip73
\bibitemsep=\skip74
\bibnamesep=\skip75
\bibinitsep=\skip76
\bibparsep=\skip77
\bibhang=\skip78
\blx@bcfin=\read4
\blx@bcfout=\write5
\blx@langwohyphens=\language88
\c@mincomprange=\count401
\c@maxcomprange=\count402
\c@mincompwidth=\count403
Package biblatex Info: Trying to load biblatex default data model...
Package biblatex Info: ... file 'blx-dm.def' found.

(/usr/share/texlive/texmf-dist/tex/latex/biblatex/blx-dm.def
File: blx-dm.def 2022/02/02 v3.17 biblatex localization (PK/MW)
)
Package biblatex Info: Trying to load biblatex style data model...
Package biblatex Info: ... file 'alphabetic.dbx' not found.
Package biblatex Info: Trying to load biblatex custom data model...
Package biblatex Info: ... file 'biblatex-dm.cfg' not found.
\c@afterword=\count404
\c@savedafterword=\count405
\c@annotator=\count406
\c@savedannotator=\count407
\c@author=\count408
\c@savedauthor=\count409
\c@bookauthor=\count410
\c@savedbookauthor=\count411
\c@commentator=\count412
\c@savedcommentator=\count413
\c@editor=\count414
\c@savededitor=\count415
\c@editora=\count416
\c@savededitora=\count417
\c@editorb=\count418
\c@savededitorb=\count419
\c@editorc=\count420
\c@savededitorc=\count421
\c@foreword=\count422
\c@savedforeword=\count423
\c@holder=\count424
\c@savedholder=\count425
\c@introduction=\count426
\c@savedintroduction=\count427
\c@namea=\count428
\c@savednamea=\count429
\c@nameb=\count430
\c@savednameb=\count431
\c@namec=\count432
\c@savednamec=\count433
\c@translator=\count434
\c@savedtranslator=\count435
\c@shortauthor=\count436
\c@savedshortauthor=\count437
\c@shorteditor=\count438
\c@savedshorteditor=\count439
\c@labelname=\count440
\c@savedlabelname=\count441
\c@institution=\count442
\c@savedinstitution=\count443
\c@lista=\count444
\c@savedlista=\count445
\c@listb=\count446
\c@savedlistb=\count447
\c@listc=\count448
\c@savedlistc=\count449
\c@listd=\count450
\c@savedlistd=\count451
\c@liste=\count452
\c@savedliste=\count453
\c@listf=\count454
\c@savedlistf=\count455
\c@location=\count456
\c@savedlocation=\count457
\c@organization=\count458
\c@savedorganization=\count459
\c@origlocation=\count460
\c@savedoriglocation=\count461
\c@origpublisher=\count462
\c@savedorigpublisher=\count463
\c@publisher=\count464
\c@savedpublisher=\count465
\c@language=\count466
\c@savedlanguage=\count467
\c@origlanguage=\count468
\c@savedoriglanguage=\count469
\c@pageref=\count470
\c@savedpageref=\count471
\shorthandwidth=\skip79
\shortjournalwidth=\skip80
\shortserieswidth=\skip81
\shorttitlewidth=\skip82
\shortauthorwidth=\skip83
\shorteditorwidth=\skip84
\locallabelnumberwidth=\skip85
\locallabelalphawidth=\skip86
\localshorthandwidth=\skip87
\localshortjournalwidth=\skip88
\localshortserieswidth=\skip89
\localshorttitlewidth=\skip90
\localshortauthorwidth=\skip91
\localshorteditorwidth=\skip92
Package biblatex Info: Trying to load compatibility code...
Package biblatex Info: ... file 'blx-compat.def' found.

(/usr/share/texlive/texmf-dist/tex/latex/biblatex/blx-compat.def
File: blx-compat.def 2022/02/02 v3.17 biblatex compatibility (PK/MW)
)
Package biblatex Info: Trying to load generic definitions...
Package biblatex Info: ... file 'biblatex.def' found.

(/usr/share/texlive/texmf-dist/tex/latex/biblatex/biblatex.def
File: biblatex.def 2022/02/02 v3.17 biblatex compatibility (PK/MW)
\c@textcitecount=\count472
\c@textcitetotal=\count473
\c@textcitemaxnames=\count474
\c@biburlbigbreakpenalty=\count475
\c@biburlbreakpenalty=\count476
\c@biburlnumpenalty=\count477
\c@biburlucpenalty=\count478
\c@biburllcpenalty=\count479
\biburlbigskip=\muskip21
\biburlnumskip=\muskip22
\biburlucskip=\muskip23
\biburllcskip=\muskip24
\c@smartand=\count480
)
Package biblatex Info: Trying to load bibliography style 'alphabetic'...
Package biblatex Info: ... file 'alphabetic.bbx' found.

(/usr/share/texlive/texmf-dist/tex/latex/biblatex/bbx/alphabetic.bbx
File: alphabetic.bbx 2022/02/02 v3.17 biblatex bibliography style (PK/MW)
Package biblatex Info: Trying to load bibliography style 'standard'...
Package biblatex Info: ... file 'standard.bbx' found.

(/usr/share/texlive/texmf-dist/tex/latex/biblatex/bbx/standard.bbx
File: standard.bbx 2022/02/02 v3.17 biblatex bibliography style (PK/MW)
\c@bbx:relatedcount=\count481
\c@bbx:relatedtotal=\count482
))
Package biblatex Info: Trying to load citation style 'numeric'...
Package biblatex Info: ... file 'numeric.cbx' found.

(/usr/share/texlive/texmf-dist/tex/latex/biblatex/cbx/numeric.cbx
File: numeric.cbx 2022/02/02 v3.17 biblatex citation style (PK/MW)
Package biblatex Info: Redefining '\cite'.
Package biblatex Info: Redefining '\parencite'.
Package biblatex Info: Redefining '\footcite'.
Package biblatex Info: Redefining '\footcitetext'.
Package biblatex Info: Redefining '\smartcite'.
Package biblatex Info: Redefining '\supercite'.
Package biblatex Info: Redefining '\textcite'.
Package biblatex Info: Redefining '\textcites'.
Package biblatex Info: Redefining '\cites'.
Package biblatex Info: Redefining '\parencites'.
Package biblatex Info: Redefining '\smartcites'.
)
Package biblatex Info: Trying to load configuration file...
Package biblatex Info: ... file 'biblatex.cfg' found.

(/usr/share/texlive/texmf-dist/tex/latex/biblatex/biblatex.cfg
File: biblatex.cfg 
)
Package biblatex Info: Input encoding 'utf8' detected.
Package biblatex Info: Document encoding is UTF8 ....
Package biblatex Info: ... and expl3
(biblatex)             2022-01-21 L3 programming layer (loader) 
(biblatex)             is new enough (at least 2020/04/06),
(biblatex)             setting 'casechanger=expl3'.

(/usr/share/texlive/texmf-dist/tex/latex/biblatex/blx-case-expl3.sty
Package: blx-case-expl3 2022/02/02 v3.17 expl3 case changing code for biblatex
))
(/usr/share/texlive/texmf-dist/tex/latex/base/makeidx.sty
Package: makeidx 2021/10/04 v1.0m Standard LaTeX package
)
\@indexfile=\write6
\openout6 = `QFT.idx'.


Writing index file QFT.idx
(/usr/share/texlive/texmf-dist/tex/latex/titlesec/titletoc.sty
Package: titletoc 2021/07/05 v2.14 TOC entries
\ttl@leftsep=\dimen347
)
(/usr/share/texlive/texmf-dist/tex/latex/amscls/amsthm.sty
Package: amsthm 2020/05/29 v2.20.6
\thm@style=\toks54
\thm@bodyfont=\toks55
\thm@headfont=\toks56
\thm@notefont=\toks57
\thm@headpunct=\toks58
\thm@preskip=\skip93
\thm@postskip=\skip94
\thm@headsep=\skip95
\dth@everypar=\toks59
)
\c@notation=\count483
\c@dummy=\count484
\c@problem=\count485
\c@exerciseT=\count486
\c@solution=\count487
\c@caboxT=\count488
\c@exampleT=\count489
\c@vocabulary=\count490
\c@definitionT=\count491

(/usr/share/texlive/texmf-dist/tex/latex/mdframed/mdframed.sty
Package: mdframed 2013/07/01 1.9b: mdframed

(/usr/share/texlive/texmf-dist/tex/latex/zref/zref-abspage.sty
Package: zref-abspage 2020-07-03 v2.32 Module abspage for zref (HO)

(/usr/share/texlive/texmf-dist/tex/latex/zref/zref-base.sty
Package: zref-base 2020-07-03 v2.32 Module base for zref (HO)

(/usr/share/texlive/texmf-dist/tex/generic/kvdefinekeys/kvdefinekeys.sty
Package: kvdefinekeys 2019-12-19 v1.6 Define keys (HO)
)
(/usr/share/texlive/texmf-dist/tex/generic/etexcmds/etexcmds.sty
Package: etexcmds 2019/12/15 v1.7 Avoid name clashes with e-TeX commands (HO)
)
(/usr/share/texlive/texmf-dist/tex/latex/auxhook/auxhook.sty
Package: auxhook 2019-12-17 v1.6 Hooks for auxiliary files (HO)
)
Package zref Info: New property list: main on input line 764.
Package zref Info: New property: default on input line 765.
Package zref Info: New property: page on input line 766.
)
(/usr/share/texlive/texmf-dist/tex/latex/base/atbegshi-ltx.sty
Package: atbegshi-ltx 2021/01/10 v1.0c Emulation of the original atbegshi
package with kernel methods
)
\c@abspage=\count492
Package zref Info: New property: abspage on input line 66.
)
(/usr/share/texlive/texmf-dist/tex/latex/needspace/needspace.sty
Package: needspace 2010/09/12 v1.3d reserve vertical space
)
\mdf@templength=\skip96
\c@mdf@globalstyle@cnt=\count493
\mdf@skipabove@length=\skip97
\mdf@skipbelow@length=\skip98
\mdf@leftmargin@length=\skip99
\mdf@rightmargin@length=\skip100
\mdf@innerleftmargin@length=\skip101
\mdf@innerrightmargin@length=\skip102
\mdf@innertopmargin@length=\skip103
\mdf@innerbottommargin@length=\skip104
\mdf@splittopskip@length=\skip105
\mdf@splitbottomskip@length=\skip106
\mdf@outermargin@length=\skip107
\mdf@innermargin@length=\skip108
\mdf@linewidth@length=\skip109
\mdf@innerlinewidth@length=\skip110
\mdf@middlelinewidth@length=\skip111
\mdf@outerlinewidth@length=\skip112
\mdf@roundcorner@length=\skip113
\mdf@footenotedistance@length=\skip114
\mdf@userdefinedwidth@length=\skip115
\mdf@needspace@length=\skip116
\mdf@frametitleaboveskip@length=\skip117
\mdf@frametitlebelowskip@length=\skip118
\mdf@frametitlerulewidth@length=\skip119
\mdf@frametitleleftmargin@length=\skip120
\mdf@frametitlerightmargin@length=\skip121
\mdf@shadowsize@length=\skip122
\mdf@extratopheight@length=\skip123
\mdf@subtitleabovelinewidth@length=\skip124
\mdf@subtitlebelowlinewidth@length=\skip125
\mdf@subtitleaboveskip@length=\skip126
\mdf@subtitlebelowskip@length=\skip127
\mdf@subtitleinneraboveskip@length=\skip128
\mdf@subtitleinnerbelowskip@length=\skip129
\mdf@subsubtitleabovelinewidth@length=\skip130
\mdf@subsubtitlebelowlinewidth@length=\skip131
\mdf@subsubtitleaboveskip@length=\skip132
\mdf@subsubtitlebelowskip@length=\skip133
\mdf@subsubtitleinneraboveskip@length=\skip134
\mdf@subsubtitleinnerbelowskip@length=\skip135

(/usr/share/texlive/texmf-dist/tex/latex/mdframed/md-frame-0.mdf
File: md-frame-0.mdf 2013/07/01\ 1.9b: md-frame-0
)
\mdf@frametitlebox=\box76
\mdf@footnotebox=\box77
\mdf@splitbox@one=\box78
\mdf@splitbox@two=\box79
\mdf@splitbox@save=\box80
\mdfsplitboxwidth=\skip136
\mdfsplitboxtotalwidth=\skip137
\mdfsplitboxheight=\skip138
\mdfsplitboxdepth=\skip139
\mdfsplitboxtotalheight=\skip140
\mdfframetitleboxwidth=\skip141
\mdfframetitleboxtotalwidth=\skip142
\mdfframetitleboxheight=\skip143
\mdfframetitleboxdepth=\skip144
\mdfframetitleboxtotalheight=\skip145
\mdffootnoteboxwidth=\skip146
\mdffootnoteboxtotalwidth=\skip147
\mdffootnoteboxheight=\skip148
\mdffootnoteboxdepth=\skip149
\mdffootnoteboxtotalheight=\skip150
\mdftotallinewidth=\skip151
\mdfboundingboxwidth=\skip152
\mdfboundingboxtotalwidth=\skip153
\mdfboundingboxheight=\skip154
\mdfboundingboxdepth=\skip155
\mdfboundingboxtotalheight=\skip156
\mdf@freevspace@length=\skip157
\mdf@horizontalwidthofbox@length=\skip158
\mdf@verticalmarginwhole@length=\skip159
\mdf@horizontalspaceofbox=\skip160
\mdfsubtitleheight=\skip161
\mdfsubsubtitleheight=\skip162
\c@mdfcountframes=\count494

****** mdframed patching \endmdf@trivlist

****** -- success******

\mdf@envdepth=\count495
\c@mdf@env@i=\count496
\c@mdf@env@ii=\count497
\c@mdf@zref@counter=\count498
Package zref Info: New property: mdf@pagevalue on input line 895.
)
\esp=\skip163
\ecart=\skip164

(/usr/share/texlive/texmf-dist/tex/latex/hyperref/hyperref.sty
Package: hyperref 2021-06-07 v7.00m Hypertext links for LaTeX

(/usr/share/texlive/texmf-dist/tex/generic/pdfescape/pdfescape.sty
Package: pdfescape 2019/12/09 v1.15 Implements pdfTeX's escape features (HO)
)
(/usr/share/texlive/texmf-dist/tex/latex/hycolor/hycolor.sty
Package: hycolor 2020-01-27 v1.10 Color options for hyperref/bookmark (HO)
)
(/usr/share/texlive/texmf-dist/tex/latex/letltxmacro/letltxmacro.sty
Package: letltxmacro 2019/12/03 v1.6 Let assignment for LaTeX macros (HO)
)
\@linkdim=\dimen348
\Hy@linkcounter=\count499
\Hy@pagecounter=\count500

(/usr/share/texlive/texmf-dist/tex/latex/hyperref/pd1enc.def
File: pd1enc.def 2021-06-07 v7.00m Hyperref: PDFDocEncoding definition (HO)
Now handling font encoding PD1 ...
... no UTF-8 mapping file for font encoding PD1
)
(/usr/share/texlive/texmf-dist/tex/latex/hyperref/hyperref-langpatches.def
File: hyperref-langpatches.def 2021-06-07 v7.00m Hyperref: patches for babel la
nguages
)
(/usr/share/texlive/texmf-dist/tex/generic/intcalc/intcalc.sty
Package: intcalc 2019/12/15 v1.3 Expandable calculations with integers (HO)
)
\Hy@SavedSpaceFactor=\count501

(/usr/share/texlive/texmf-dist/tex/latex/hyperref/puenc.def
File: puenc.def 2021-06-07 v7.00m Hyperref: PDF Unicode definition (HO)
Now handling font encoding PU ...
... no UTF-8 mapping file for font encoding PU
)
Package hyperref Info: Hyper figures OFF on input line 4192.
Package hyperref Info: Link nesting OFF on input line 4197.
Package hyperref Info: Hyper index ON on input line 4200.
Package hyperref Info: Plain pages OFF on input line 4207.
Package hyperref Info: Backreferencing OFF on input line 4212.
Package hyperref Info: Implicit mode ON; LaTeX internals redefined.
Package hyperref Info: Bookmarks ON on input line 4445.
\c@Hy@tempcnt=\count502
LaTeX Info: Redefining \url on input line 4804.
\XeTeXLinkMargin=\dimen349

(/usr/share/texlive/texmf-dist/tex/generic/bitset/bitset.sty
Package: bitset 2019/12/09 v1.3 Handle bit-vector datatype (HO)

(/usr/share/texlive/texmf-dist/tex/generic/bigintcalc/bigintcalc.sty
Package: bigintcalc 2019/12/15 v1.5 Expandable calculations on big integers (HO
)
))
\Fld@menulength=\count503
\Field@Width=\dimen350
\Fld@charsize=\dimen351
Package hyperref Info: Hyper figures OFF on input line 6076.
Package hyperref Info: Link nesting OFF on input line 6081.
Package hyperref Info: Hyper index ON on input line 6084.
Package hyperref Info: backreferencing OFF on input line 6091.
Package hyperref Info: Link coloring OFF on input line 6096.
Package hyperref Info: Link coloring with OCG OFF on input line 6101.
Package hyperref Info: PDF/A mode OFF on input line 6106.
LaTeX Info: Redefining \ref on input line 6146.
LaTeX Info: Redefining \pageref on input line 6150.
\Hy@abspage=\count504
\c@Item=\count505
\c@Hfootnote=\count506
)
Package hyperref Info: Driver (autodetected): hpdftex.

(/usr/share/texlive/texmf-dist/tex/latex/hyperref/hpdftex.def
File: hpdftex.def 2021-06-07 v7.00m Hyperref driver for pdfTeX

(/usr/share/texlive/texmf-dist/tex/latex/base/atveryend-ltx.sty
Package: atveryend-ltx 2020/08/19 v1.0a Emulation of the original atveryend pac
kage
with kernel methods
)
\HyAnn@Count=\count507
\Fld@listcount=\count508
\c@bookmark@seq@number=\count509

(/usr/share/texlive/texmf-dist/tex/latex/rerunfilecheck/rerunfilecheck.sty
Package: rerunfilecheck 2019/12/05 v1.9 Rerun checks for auxiliary files (HO)

(/usr/share/texlive/texmf-dist/tex/generic/uniquecounter/uniquecounter.sty
Package: uniquecounter 2019/12/15 v1.4 Provide unlimited unique counter (HO)
)
Package uniquecounter Info: New unique counter `rerunfilecheck' on input line 2
86.
)
\Hy@SectionHShift=\skip165
)
Package hyperref Info: Option `colorlinks' set `false' on input line 596.
Package hyperref Info: Option `breaklinks' set `true' on input line 596.
Package hyperref Info: Option `bookmarksopen' set `false' on input line 596.

(/usr/share/texlive/texmf-dist/tex/latex/bookmark/bookmark.sty
Package: bookmark 2020-11-06 v1.29 PDF bookmarks (HO)

(/usr/share/texlive/texmf-dist/tex/latex/bookmark/bkm-pdftex.def
File: bkm-pdftex.def 2020-11-06 v1.29 bookmark driver for pdfTeX (HO)
\BKM@id=\count510
)))
Package csquotes Info: Checking for multilingual support...
Package csquotes Info: ... found 'babel' package.
Package csquotes Info: Adjusting default style.
Package csquotes Info: Redefining alias 'default' -> 'spanish'.
 (./QFT.aux
LaTeX Info: Redefining \. on input line 28.
LaTeX Info: Redefining \% on input line 28.
)
\openout1 = `QFT.aux'.

LaTeX Font Info:    Checking defaults for OML/cmm/m/it on input line 5.
LaTeX Font Info:    ... okay on input line 5.
LaTeX Font Info:    Checking defaults for OMS/cmsy/m/n on input line 5.
LaTeX Font Info:    ... okay on input line 5.
LaTeX Font Info:    Checking defaults for OT1/cmr/m/n on input line 5.
LaTeX Font Info:    ... okay on input line 5.
LaTeX Font Info:    Checking defaults for T1/cmr/m/n on input line 5.
LaTeX Font Info:    ... okay on input line 5.
LaTeX Font Info:    Checking defaults for TS1/cmr/m/n on input line 5.
LaTeX Font Info:    ... okay on input line 5.
LaTeX Font Info:    Checking defaults for OMX/cmex/m/n on input line 5.
LaTeX Font Info:    ... okay on input line 5.
LaTeX Font Info:    Checking defaults for U/cmr/m/n on input line 5.
LaTeX Font Info:    ... okay on input line 5.
LaTeX Font Info:    Checking defaults for PD1/pdf/m/n on input line 5.
LaTeX Font Info:    ... okay on input line 5.
LaTeX Font Info:    Checking defaults for PU/pdf/m/n on input line 5.
LaTeX Font Info:    ... okay on input line 5.
*geometry* driver: auto-detecting
*geometry* detected driver: pdftex
*geometry* verbose mode - [ preamble ] result:
* driver: pdftex
* paper: a4paper
* layout: <same size as paper>
* layoutoffset:(h,v)=(0.0pt,0.0pt)
* modes: twoside 
* h-part:(L,W,R)=(85.35826pt, 426.79135pt, 85.35826pt)
* v-part:(T,H,B)=(85.35826pt, 674.33032pt, 85.35826pt)
* \paperwidth=597.50787pt
* \paperheight=845.04684pt
* \textwidth=426.79135pt
* \textheight=674.33032pt
* \oddsidemargin=13.08827pt
* \evensidemargin=13.08827pt
* \topmargin=-8.91173pt
* \headheight=14.5pt
* \headsep=10.0pt
* \topskip=10.0pt
* \footskip=25.29494pt
* \marginparwidth=125.0pt
* \marginparsep=7.0pt
* \columnsep=10.0pt
* \skip\footins=9.0pt plus 4.0pt minus 2.0pt
* \hoffset=0.0pt
* \voffset=0.0pt
* \mag=1000
* \@twocolumnfalse
* \@twosidetrue
* \@mparswitchtrue
* \@reversemarginfalse
* (1in=72.27pt=25.4mm, 1cm=28.453pt)

(/usr/share/texlive/texmf-dist/tex/context/base/mkii/supp-pdf.mkii
[Loading MPS to PDF converter (version 2006.09.02).]
\scratchcounter=\count511
\scratchdimen=\dimen352
\scratchbox=\box81
\nofMPsegments=\count512
\nofMParguments=\count513
\everyMPshowfont=\toks60
\MPscratchCnt=\count514
\MPscratchDim=\dimen353
\MPnumerator=\count515
\makeMPintoPDFobject=\count516
\everyMPtoPDFconversion=\toks61
) (/usr/share/texlive/texmf-dist/tex/latex/epstopdf-pkg/epstopdf-base.sty
Package: epstopdf-base 2020-01-24 v2.11 Base part for package epstopdf
Package epstopdf-base Info: Redefining graphics rule for `.eps' on input line 4
85.

(/usr/share/texlive/texmf-dist/tex/latex/latexconfig/epstopdf-sys.cfg
File: epstopdf-sys.cfg 2010/07/13 v1.3 Configuration of (r)epstopdf for TeX Liv
e
))
LaTeX Info: Redefining \. on input line 5.
LaTeX Info: Redefining \% on input line 5.
Package caption Info: Begin \AtBeginDocument code.
Package caption Info: float package is loaded.
Package caption Info: hyperref package is loaded.
Package caption Info: End \AtBeginDocument code.
LaTeX Info: Redefining \microtypecontext on input line 5.
Package microtype Info: Applying patch `item' on input line 5.
Package microtype Info: Applying patch `toc' on input line 5.
Package microtype Info: Applying patch `eqnum' on input line 5.
Package microtype Info: Applying patch `footnote' on input line 5.
Package microtype Info: Generating PDF output.
Package microtype Info: Character protrusion enabled (level 2).
Package microtype Info: Using default protrusion set `alltext'.
Package microtype Info: Automatic font expansion enabled (level 2),
(microtype)             stretch: 20, shrink: 20, step: 1, non-selected.
Package microtype Info: Using default expansion set `alltext-nott'.
LaTeX Info: Redefining \showhyphens on input line 5.
Package microtype Info: No adjustment of tracking.
Package microtype Info: No adjustment of interword spacing.
Package microtype Info: No adjustment of character kerning.

(/usr/share/texlive/texmf-dist/tex/latex/microtype/mt-cmr.cfg
File: mt-cmr.cfg 2013/05/19 v2.2 microtype config. file: Computer Modern Roman 
(RS)
)
Package biblatex Info: Trying to load language 'spanish'...
Package biblatex Info: ... file 'spanish.lbx' found.

(/usr/share/texlive/texmf-dist/tex/latex/biblatex/lbx/spanish.lbx
File: spanish.lbx 2022/02/02 v3.17 biblatex localization (PK/MW)
)
Package biblatex Info: Input encoding 'utf8' detected.
Package biblatex Info: Automatic encoding selection.
(biblatex)             Assuming data encoding 'utf8'.
\openout5 = `QFT.bcf'.

Package biblatex Info: Trying to load bibliographic data...


Package biblatex Warning: File 'QFT.bbl' is wrong format version - expected 3.2
.

Package biblatex Info: ... file 'QFT.bbl' found.
(./QFT.bbl)
Package biblatex Info: Reference section=0 on input line 5.
Package biblatex Info: Reference segment=0 on input line 5.
Package hyperref Info: Link coloring OFF on input line 5.
 (/usr/share/texlive/texmf-dist/tex/latex/hyperref/nameref.sty
Package: nameref 2021-04-02 v2.47 Cross-referencing by name of section

(/usr/share/texlive/texmf-dist/tex/latex/refcount/refcount.sty
Package: refcount 2019/12/15 v3.6 Data extraction from label references (HO)
)
(/usr/share/texlive/texmf-dist/tex/generic/gettitlestring/gettitlestring.sty
Package: gettitlestring 2019/12/15 v1.6 Cleanup title references (HO)
)
\c@section@level=\count517
)
LaTeX Info: Redefining \ref on input line 5.
LaTeX Info: Redefining \pageref on input line 5.
LaTeX Info: Redefining \nameref on input line 5.
<Pictures//background.pdf, id=7, 584.1825pt x 835.12pt>
File: Pictures//background.pdf Graphic file (type pdf)
<use Pictures//background.pdf>
Package pdftex.def Info: Pictures//background.pdf  used on input line 17.
(pdftex.def)             Requested size: 597.50787pt x 854.24503pt.
LaTeX Font Info:    Trying to load font information for T1+pag on input line 18
.

(/usr/share/texlive/texmf-dist/tex/latex/psnfss/t1pag.fd
File: t1pag.fd 2001/06/04 font definitions for T1/pag.
)
LaTeX Font Info:    Font shape `T1/pag/b/n' in size <24.88> not available
(Font)              Font shape `T1/pag/db/n' tried instead on input line 18.
Package microtype Info: Loading generic protrusion settings for font family
(microtype)             `pag' (encoding: T1).
(microtype)             For optimal results, create family-specific settings.
(microtype)             See the microtype manual for details.
LaTeX Font Info:    Font shape `T1/pag/b/n' in size <14.4> not available
(Font)              Font shape `T1/pag/db/n' tried instead on input line 20.
LaTeX Font Info:    Font shape `T1/pag/b/n' in size <20.74> not available
(Font)              Font shape `T1/pag/db/n' tried instead on input line 20.
LaTeX Font Info:    Trying to load font information for U+msa on input line 20.


(/usr/share/texlive/texmf-dist/tex/latex/amsfonts/umsa.fd
File: umsa.fd 2013/01/14 v3.01 AMS symbols A
)
(/usr/share/texlive/texmf-dist/tex/latex/microtype/mt-msa.cfg
File: mt-msa.cfg 2006/02/04 v1.1 microtype config. file: AMS symbols (a) (RS)
)
LaTeX Font Info:    Trying to load font information for U+msb on input line 20.


(/usr/share/texlive/texmf-dist/tex/latex/amsfonts/umsb.fd
File: umsb.fd 2013/01/14 v3.01 AMS symbols B
)
(/usr/share/texlive/texmf-dist/tex/latex/microtype/mt-msb.cfg
File: mt-msb.cfg 2005/06/01 v1.0 microtype config. file: AMS symbols (b) (RS)
)
LaTeX Font Info:    Trying to load font information for U+rsfs on input line 20
.

(/usr/share/texlive/texmf-dist/tex/latex/jknapltx/ursfs.fd
File: ursfs.fd 1998/03/24 rsfs font definition file (jk)
)
LaTeX Font Info:    Font shape `U/fsy/m/n' will be
(Font)              scaled to size 22.39185pt on input line 20.
LaTeX Font Info:    Font shape `U/fsy/m/n' will be
(Font)              scaled to size 18.66588pt on input line 20.
LaTeX Font Info:    Font shape `U/fsy/m/n' will be
(Font)              scaled to size 15.55188pt on input line 20.
 [1

{/var/lib/texmf/fonts/map/pdftex/updmap/pdftex.map} <./Pictures//background.pdf
>]
Underfull \hbox (badness 10000) in paragraph at lines 34--35

 []


Underfull \hbox (badness 10000) in paragraph at lines 36--37

 []


Underfull \hbox (badness 10000) in paragraph at lines 38--39

 []

LaTeX Font Info:    Trying to load font information for T1+cmtt on input line 4
0.
(/usr/share/texlive/texmf-dist/tex/latex/base/t1cmtt.fd
File: t1cmtt.fd 2019/12/16 v2.5j Standard LaTeX font definitions
)
Package microtype Info: Loading generic protrusion settings for font family
(microtype)             `cmtt' (encoding: T1).
(microtype)             For optimal results, create family-specific settings.
(microtype)             See the microtype manual for details.
LaTeX Font Info:    Font shape `U/fsy/m/n' will be
(Font)              scaled to size 8.99994pt on input line 40.
LaTeX Font Info:    Font shape `U/fsy/m/n' will be
(Font)              scaled to size 6.29996pt on input line 40.
LaTeX Font Info:    Font shape `U/fsy/m/n' will be
(Font)              scaled to size 4.49997pt on input line 40.

Underfull \hbox (badness 10000) in paragraph at lines 40--41

 []

[2]

pdfTeX warning: /usr/bin/pdflatex (file ./Pictures//chapter_head_0.pdf): PDF in
clusion: found PDF version <1.7>, but at most version <1.5> allowed
<Pictures//chapter_head_0.pdf, id=28, 844.65562pt x 400.49625pt>
File: Pictures//chapter_head_0.pdf Graphic file (type pdf)
<use Pictures//chapter_head_0.pdf>
Package pdftex.def Info: Pictures//chapter_head_0.pdf  used on input line 52.
(pdftex.def)             Requested size: 597.50787pt x 283.31544pt.
(./QFT.toc
LaTeX Info: Redefining \sptext on input line 1.
LaTeX Info: Redefining \. on input line 1.
LaTeX Info: Redefining \% on input line 1.
LaTeX Font Info:    Font shape `U/fsy/m/n' will be
(Font)              scaled to size 10.79993pt on input line 2.
LaTeX Font Info:    Font shape `U/fsy/m/n' will be
(Font)              scaled to size 7.19995pt on input line 2.
LaTeX Font Info:    Font shape `U/fsy/m/n' will be
(Font)              scaled to size 5.39996pt on input line 2.
LaTeX Font Info:    Font shape `T1/pag/b/n' in size <12> not available
(Font)              Font shape `T1/pag/db/n' tried instead on input line 3.
LaTeX Font Info:    Font shape `T1/pag/b/n' in size <10> not available
(Font)              Font shape `T1/pag/db/n' tried instead on input line 3.
 [3

 <./Pictures//chapter_head_0.pdf>]
Underfull \vbox (badness 10000) has occurred while \output is active []

 [4]
LaTeX Font Info:    Font shape `U/fsy/m/n' will be
(Font)              scaled to size 8.09995pt on input line 86.

Underfull \vbox (badness 10000) has occurred while \output is active []

 [5])
\tf@toc=\write7
\openout7 = `QFT.toc'.


[6]
\c@ttl@toc@default=\count518
LaTeX Font Info:    Font shape `T1/pag/b/n' in size <220> not available
(Font)              Font shape `T1/pag/db/n' tried instead on input line 56.
 (./QFT.ptc
LaTeX Info: Redefining \sptext on input line 1.
LaTeX Info: Redefining \. on input line 1.
LaTeX Info: Redefining \% on input line 1.
)
LaTeX Font Info:    Font shape `T1/pag/b/n' in size <30> not available
(Font)              Font shape `T1/pag/db/n' tried instead on input line 56.
 [7


] [8] (./Capitulos/Cap_1/Capitulo1.tex
Cap\'{\i }tulo 1.
<Pictures//chapter_head_2.pdf, id=498, 3581.38pt x 1790.69pt>
File: Pictures//chapter_head_2.pdf Graphic file (type pdf)
<use Pictures//chapter_head_2.pdf>
Package pdftex.def Info: Pictures//chapter_head_2.pdf  used on input line 8.
(pdftex.def)             Requested size: 597.50787pt x 298.75726pt.
[9

 <./Pictures//chapter_head_2.pdf>]
Package mdframed Info: mdframed works in twoside mode on input line 47.
Package mdframed Info: mdframed detected package amsthm 
 changed the theorem header of amsthm
(mdframed)              on input line 47.
LaTeX Font Info:    Font shape `T1/pag/b/n' in size <9> not available
(Font)              Font shape `T1/pag/db/n' tried instead on input line 48.
LaTeX Info: Redefining \. on input line 70.
LaTeX Info: Redefining \% on input line 70.
 [10]
LaTeX Info: Redefining \. on input line 137.
LaTeX Info: Redefining \% on input line 137.
 [11]
Package mdframed Info: mdframed works in twoside mode on input line 162.
Package mdframed Info: mdframed detected package amsthm 
 changed the theorem header of amsthm
(mdframed)              on input line 162.
LaTeX Info: Redefining \. on input line 215.
LaTeX Info: Redefining \% on input line 215.
 [12]
Package mdframed Info: mdframed works in twoside mode on input line 215.
Package mdframed Info: mdframed detected package amsthm 
 changed the theorem header of amsthm
(mdframed)              on input line 215.
Package mdframed Info: mdframed works in twoside mode on input line 280.
Package mdframed Info: mdframed detected package amsthm 
 changed the theorem header of amsthm
(mdframed)              on input line 280.
Package mdframed Info: Not enough space on this page on input line 285.
LaTeX Info: Redefining \. on input line 285.
LaTeX Info: Redefining \% on input line 285.
 [13]
Package mdframed Info: Not enough space on this page on input line 285.

Underfull \hbox (badness 10000) in paragraph at lines 335--336

 []

LaTeX Info: Redefining \. on input line 356.
LaTeX Info: Redefining \% on input line 356.
[14pdfTeX warning (ext4): destination with the same identifier (name{equation.1
.2.18}) has been already used, duplicate ignored
<argument> ...shipout:D \box_use:N \l_shipout_box 
                                                  \__shipout_drop_firstpage_...
l.356 \end{equation*}
                     pdfTeX warning (ext4): destination with the same identifie
r (name{equation.1.2.19}) has been already used, duplicate ignored
<argument> ...shipout:D \box_use:N \l_shipout_box 
                                                  \__shipout_drop_firstpage_...
l.356 \end{equation*}
                     ]
Package mdframed Info: mdframed works in twoside mode on input line 386.
Package mdframed Info: mdframed detected package amsthm 
 changed the theorem header of amsthm
(mdframed)              on input line 386.
LaTeX Info: Redefining \. on input line 439.
LaTeX Info: Redefining \% on input line 439.
 [15]
LaTeX Info: Redefining \. on input line 522.
LaTeX Info: Redefining \% on input line 522.
 [16]
LaTeX Info: Redefining \. on input line 584.
LaTeX Info: Redefining \% on input line 584.
 [17]
Package mdframed Info: mdframed works in twoside mode on input line 611.
Package mdframed Info: mdframed detected package amsthm 
 changed the theorem header of amsthm
(mdframed)              on input line 611.
Package mdframed Info: mdframed works in twoside mode on input line 617.
Package mdframed Info: mdframed detected package amsthm 
 changed the theorem header of amsthm
(mdframed)              on input line 617.
 Excluding 'comment' comment.
LaTeX Info: Redefining \. on input line 723.
LaTeX Info: Redefining \% on input line 723.
 [18]
Package mdframed Info: mdframed works in twoside mode on input line 737.
Package mdframed Info: mdframed detected package amsthm 
 changed the theorem header of amsthm
(mdframed)              on input line 737.
Package mdframed Info: mdframed works in twoside mode on input line 768.
Package mdframed Info: mdframed detected package amsthm 
 changed the theorem header of amsthm
(mdframed)              on input line 768.

Excluding 'comment' comment.
Package mdframed Info: mdframed works in twoside mode on input line 847.
Package mdframed Info: mdframed detected package amsthm 
 changed the theorem header of amsthm
(mdframed)              on input line 847.

Underfull \hbox (badness 10000) in paragraph at lines 864--866

 []

LaTeX Info: Redefining \. on input line 867.
LaTeX Info: Redefining \% on input line 867.
[19] Excluding 'comment' comment. Excluding 'comment' comment.
LaTeX Info: Redefining \. on input line 1024.
LaTeX Info: Redefining \% on input line 1024.
 [20]
Package mdframed Info: mdframed works in twoside mode on input line 1070.
Package mdframed Info: mdframed detected package amsthm 
 changed the theorem header of amsthm
(mdframed)              on input line 1070.
LaTeX Info: Redefining \. on input line 1093.
LaTeX Info: Redefining \% on input line 1093.
 [21])
(./Capitulos/Cap_2/Capitulo2.tex
LaTeX Info: Redefining \. on input line 9.
LaTeX Info: Redefining \% on input line 9.
 [22]
Cap\'{\i }tulo 2.
<Pictures//chapter_head_1.pdf, id=701, 597.432pt x 298.716pt>
File: Pictures//chapter_head_1.pdf Graphic file (type pdf)
<use Pictures//chapter_head_1.pdf>
Package pdftex.def Info: Pictures//chapter_head_1.pdf  used on input line 9.
(pdftex.def)             Requested size: 597.50787pt x 298.77907pt.

Underfull \hbox (badness 10000) in paragraph at lines 20--21

 []


Underfull \hbox (badness 10000) in paragraph at lines 22--23

 []


Underfull \hbox (badness 10000) in paragraph at lines 38--39

 []

[23

 <./Pictures//chapter_head_1.pdf>]
Underfull \hbox (badness 10000) in paragraph at lines 40--42

 []

<Capitulos/Cap_2/minacc.png, id=723, 444.91219pt x 335.75438pt>
File: Capitulos/Cap_2/minacc.png Graphic file (type png)
<use Capitulos/Cap_2/minacc.png>
Package pdftex.def Info: Capitulos/Cap_2/minacc.png  used on input line 45.
(pdftex.def)             Requested size: 111.22777pt x 83.93839pt.
Package mdframed Info: mdframed works in twoside mode on input line 84.
Package mdframed Info: mdframed detected package amsthm 
 changed the theorem header of amsthm
(mdframed)              on input line 84.
LaTeX Info: Redefining \. on input line 99.
LaTeX Info: Redefining \% on input line 99.
[24 <./Capitulos/Cap_2/minacc.png>]
Underfull \hbox (badness 10000) in paragraph at lines 145--147

 []

Package mdframed Info: mdframed works in twoside mode on input line 149.
Package mdframed Info: mdframed detected package amsthm 
 changed the theorem header of amsthm
(mdframed)              on input line 149.
LaTeX Info: Redefining \. on input line 175.
LaTeX Info: Redefining \% on input line 175.
[25]
LaTeX Info: Redefining \. on input line 248.
LaTeX Info: Redefining \% on input line 248.
 [26]
Underfull \hbox (badness 10000) in paragraph at lines 292--295

 []


Underfull \hbox (badness 10000) in paragraph at lines 296--300

 []


Underfull \hbox (badness 10000) in paragraph at lines 301--303

 []


Underfull \hbox (badness 10000) in paragraph at lines 304--306

 []


Underfull \hbox (badness 10000) in paragraph at lines 307--310

 []

LaTeX Info: Redefining \. on input line 310.
LaTeX Info: Redefining \% on input line 310.
[27]
Underfull \hbox (badness 10000) in paragraph at lines 313--317

 []


Underfull \hbox (badness 10000) in paragraph at lines 387--389

 []

LaTeX Info: Redefining \. on input line 424.
LaTeX Info: Redefining \% on input line 424.
[28]
Underfull \hbox (badness 10000) in paragraph at lines 433--435

 []

LaTeX Info: Redefining \. on input line 498.
LaTeX Info: Redefining \% on input line 498.
[29]
Underfull \hbox (badness 10000) in paragraph at lines 515--518

 []

LaTeX Info: Redefining \. on input line 557.
LaTeX Info: Redefining \% on input line 557.
[30pdfTeX warning (ext4): destination with the same identifier (name{equation.2
.2.36}) has been already used, duplicate ignored
<argument> ...shipout:D \box_use:N \l_shipout_box 
                                                  \__shipout_drop_firstpage_...
l.557 \begin{equation}
                      ]
Underfull \hbox (badness 10000) in paragraph at lines 578--580

 []

LaTeX Info: Redefining \. on input line 603.
LaTeX Info: Redefining \% on input line 603.
[31]
Underfull \hbox (badness 10000) in paragraph at lines 608--611

 []

Package mdframed Info: mdframed works in twoside mode on input line 613.
Package mdframed Info: mdframed detected package amsthm 
 changed the theorem header of amsthm
(mdframed)              on input line 613.

Underfull \hbox (badness 10000) in paragraph at lines 614--615

 []


Underfull \hbox (badness 10000) in paragraph at lines 620--622

 []


Underfull \hbox (badness 10000) in paragraph at lines 623--626

 []

LaTeX Info: Redefining \. on input line 638.
LaTeX Info: Redefining \% on input line 638.
[32]
Underfull \hbox (badness 10000) in paragraph at lines 647--649

 []


Underfull \hbox (badness 10000) in paragraph at lines 657--659

 []


Underfull \hbox (badness 10000) in paragraph at lines 660--662

 []


Underfull \hbox (badness 10000) in paragraph at lines 670--672

 []

LaTeX Info: Redefining \. on input line 685.
LaTeX Info: Redefining \% on input line 685.
[33]
Underfull \hbox (badness 10000) in paragraph at lines 713--715

 []

Package mdframed Info: mdframed works in twoside mode on input line 720.
Package mdframed Info: mdframed detected package amsthm 
 changed the theorem header of amsthm
(mdframed)              on input line 720.
LaTeX Info: Redefining \. on input line 748.
LaTeX Info: Redefining \% on input line 748.
[34]
Underfull \hbox (badness 10000) in paragraph at lines 781--782

 []


Underfull \hbox (badness 10000) in paragraph at lines 783--787

 []


Underfull \hbox (badness 10000) in paragraph at lines 788--790

 []

LaTeX Info: Redefining \. on input line 790.
LaTeX Info: Redefining \% on input line 790.
[35]
Underfull \hbox (badness 10000) in paragraph at lines 804--806

 []


Underfull \hbox (badness 10000) in paragraph at lines 820--822

 []

LaTeX Info: Redefining \. on input line 853.
LaTeX Info: Redefining \% on input line 853.
[36]
Underfull \hbox (badness 10000) in paragraph at lines 896--898

 []

LaTeX Info: Redefining \. on input line 920.
LaTeX Info: Redefining \% on input line 920.
[37]
Package mdframed Info: mdframed works in twoside mode on input line 927.
Package mdframed Info: mdframed detected package amsthm 
 changed the theorem header of amsthm
(mdframed)              on input line 927.
LaTeX Info: Redefining \. on input line 1004.
LaTeX Info: Redefining \% on input line 1004.
 [38]
Underfull \hbox (badness 10000) in paragraph at lines 1049--1050

 []


Underfull \hbox (badness 10000) in paragraph at lines 1051--1052

 []

LaTeX Info: Redefining \. on input line 1068.
LaTeX Info: Redefining \% on input line 1068.
[39]
LaTeX Info: Redefining \. on input line 1108.
LaTeX Info: Redefining \% on input line 1108.
 [40]
Underfull \hbox (badness 10000) in paragraph at lines 1112--1113

 []


Underfull \hbox (badness 10000) in paragraph at lines 1123--1125

 []


Underfull \hbox (badness 10000) in paragraph at lines 1149--1152

 []

LaTeX Info: Redefining \. on input line 1161.
LaTeX Info: Redefining \% on input line 1161.
[41]
Underfull \hbox (badness 10000) in paragraph at lines 1179--1181

 []


Underfull \hbox (badness 10000) in paragraph at lines 1182--1184

 []

Package mdframed Info: mdframed works in twoside mode on input line 1189.
Package mdframed Info: mdframed detected package amsthm 
 changed the theorem header of amsthm
(mdframed)              on input line 1189.

Underfull \hbox (badness 10000) in paragraph at lines 1193--1194

 []


Underfull \hbox (badness 10000) in paragraph at lines 1203--1205

 []


Underfull \hbox (badness 10000) in paragraph at lines 1209--1211

 []


Underfull \hbox (badness 10000) in paragraph at lines 1220--1222

 []

LaTeX Info: Redefining \. on input line 1222.
LaTeX Info: Redefining \% on input line 1222.
[42]
Underfull \hbox (badness 10000) in paragraph at lines 1223--1226

 []


Underfull \hbox (badness 10000) in paragraph at lines 1227--1229

 []


Underfull \hbox (badness 10000) in paragraph at lines 1230--1232

 []


Underfull \hbox (badness 10000) in paragraph at lines 1250--1253

 []


Underfull \vbox (badness 4819) has occurred while \output is active []

LaTeX Info: Redefining \. on input line 1272.
LaTeX Info: Redefining \% on input line 1272.
 [43]
LaTeX Info: Redefining \. on input line 1318.
LaTeX Info: Redefining \% on input line 1318.

[44]
Underfull \hbox (badness 10000) in paragraph at lines 1325--1327

 []


Underfull \hbox (badness 10000) in paragraph at lines 1368--1371

 []

LaTeX Info: Redefining \. on input line 1389.
LaTeX Info: Redefining \% on input line 1389.
[45]
LaTeX Info: Redefining \. on input line 1478.
LaTeX Info: Redefining \% on input line 1478.
 [46]
LaTeX Info: Redefining \. on input line 1535.
LaTeX Info: Redefining \% on input line 1535.
 [47]
Package mdframed Info: mdframed works in twoside mode on input line 1555.
Package mdframed Info: mdframed detected package amsthm 
 changed the theorem header of amsthm
(mdframed)              on input line 1555.

Underfull \hbox (badness 10000) in paragraph at lines 1588--1590

 []

LaTeX Info: Redefining \. on input line 1593.
LaTeX Info: Redefining \% on input line 1593.
[48]
LaTeX Info: Redefining \. on input line 1669.
LaTeX Info: Redefining \% on input line 1669.
 [49]
Underfull \hbox (badness 10000) in paragraph at lines 1707--1708

 []


Underfull \hbox (badness 10000) in paragraph at lines 1709--1710

 []

LaTeX Info: Redefining \. on input line 1735.
LaTeX Info: Redefining \% on input line 1735.
[50]
Underfull \hbox (badness 10000) in paragraph at lines 1755--1757

 []


Underfull \hbox (badness 10000) in paragraph at lines 1767--1768

 []

LaTeX Info: Redefining \. on input line 1807.
LaTeX Info: Redefining \% on input line 1807.
[51]
Underfull \hbox (badness 10000) in paragraph at lines 1828--1830

 []

LaTeX Info: Redefining \. on input line 1857.
LaTeX Info: Redefining \% on input line 1857.
[52]
LaTeX Info: Redefining \. on input line 1909.
LaTeX Info: Redefining \% on input line 1909.
 [53]
Underfull \hbox (badness 10000) in paragraph at lines 1933--1934

 []

LaTeX Info: Redefining \. on input line 1992.
LaTeX Info: Redefining \% on input line 1992.
[54]
Underfull \hbox (badness 10000) in paragraph at lines 2040--2041

 []

LaTeX Info: Redefining \. on input line 2046.
LaTeX Info: Redefining \% on input line 2046.
[55]
Underfull \hbox (badness 10000) in paragraph at lines 2088--2089

 []

LaTeX Info: Redefining \. on input line 2092.
LaTeX Info: Redefining \% on input line 2092.
[56] Excluding 'comment' comment.) (./Capitulos/Cap_3/Capitulo3.tex
LaTeX Info: Redefining \. on input line 6.
LaTeX Info: Redefining \% on input line 6.
 [57]
[58

]
Cap\'{\i }tulo 3.
File: Pictures//chapter_head_2.pdf Graphic file (type pdf)
<use Pictures//chapter_head_2.pdf>
Package pdftex.def Info: Pictures//chapter_head_2.pdf  used on input line 6.
(pdftex.def)             Requested size: 597.50787pt x 298.75726pt.

Underfull \hbox (badness 10000) in paragraph at lines 13--14

 []


Underfull \hbox (badness 10000) in paragraph at lines 15--17

 []

[59]
Underfull \hbox (badness 10000) in paragraph at lines 45--47

 []


Underfull \hbox (badness 10000) in paragraph at lines 61--62

 []

LaTeX Info: Redefining \. on input line 97.
LaTeX Info: Redefining \% on input line 97.
[60]
Underfull \hbox (badness 10000) in paragraph at lines 136--138

 []


Underfull \hbox (badness 10000) in paragraph at lines 139--140

 []

LaTeX Info: Redefining \. on input line 140.
LaTeX Info: Redefining \% on input line 140.
[61]
Underfull \hbox (badness 10000) in paragraph at lines 154--155

 []


Underfull \hbox (badness 10000) in paragraph at lines 166--167

 []

LaTeX Info: Redefining \. on input line 186.
LaTeX Info: Redefining \% on input line 186.
[62]
Underfull \hbox (badness 10000) in paragraph at lines 194--195

 []

LaTeX Info: Redefining \. on input line 250.
LaTeX Info: Redefining \% on input line 250.
[63]
Package mdframed Info: mdframed works in twoside mode on input line 250.
Package mdframed Info: mdframed detected package amsthm 
 changed the theorem header of amsthm
(mdframed)              on input line 250.

Underfull \hbox (badness 10000) in paragraph at lines 274--275

 []

Package mdframed Info: mdframed works in twoside mode on input line 278.
Package mdframed Info: mdframed detected package amsthm 
 changed the theorem header of amsthm
(mdframed)              on input line 278.
Package mdframed Info: mdframed works in twoside mode on input line 287.
Package mdframed Info: mdframed detected package amsthm 
 changed the theorem header of amsthm
(mdframed)              on input line 287.
Package mdframed Info: Box was splittet wrong
 starting loop to iterate the splitting point
(mdframed)              on input line 319.
LaTeX Info: Redefining \. on input line 319.
LaTeX Info: Redefining \% on input line 319.
[64]
Package mdframed Info: mdframed works in twoside mode on input line 349.
Package mdframed Info: mdframed detected package amsthm 
 changed the theorem header of amsthm
(mdframed)              on input line 349.
LaTeX Info: Redefining \. on input line 364.
LaTeX Info: Redefining \% on input line 364.
 [65]
Package mdframed Info: Not enough space on this page on input line 364.
LaTeX Info: Redefining \. on input line 405.
LaTeX Info: Redefining \% on input line 405.
 [66]
Underfull \hbox (badness 10000) in paragraph at lines 427--429

 []

Package mdframed Info: mdframed works in twoside mode on input line 430.
Package mdframed Info: mdframed detected package amsthm 
 changed the theorem header of amsthm
(mdframed)              on input line 430.

Underfull \hbox (badness 10000) in paragraph at lines 463--464

 []

LaTeX Info: Redefining \. on input line 465.
LaTeX Info: Redefining \% on input line 465.
[67]
Package mdframed Info: mdframed works in twoside mode on input line 490.
Package mdframed Info: mdframed detected package amsthm 
 changed the theorem header of amsthm
(mdframed)              on input line 490.
LaTeX Info: Redefining \. on input line 516.
LaTeX Info: Redefining \% on input line 516.
 [68]
Overfull \hbox (13.78467pt too wide) in alignment at lines 517--520
 [] [] [] [][]
 []

LaTeX Font Info:    Trying to load font information for U+fontawesomeone on inp
ut line 525.
(/usr/share/texlive/texmf-dist/tex/latex/fontawesome/ufontawesomeone.fd
File: ufontawesomeone.fd 2016/05/22 Font definitions for U/fontawesomeone.
)
Package mdframed Info: mdframed works in twoside mode on input line 532.
Package mdframed Info: mdframed detected package amsthm 
 changed the theorem header of amsthm
(mdframed)              on input line 532.

Overfull \hbox (2.56714pt too wide) in alignment at lines 544--553
 [] [] [] [][]
 []

LaTeX Info: Redefining \. on input line 566.
LaTeX Info: Redefining \% on input line 566.
[69]
Package mdframed Info: mdframed works in twoside mode on input line 595.
Package mdframed Info: mdframed detected package amsthm 
 changed the theorem header of amsthm
(mdframed)              on input line 595.

Overfull \hbox (5.18134pt too wide) in alignment at lines 614--618
 [] [] [] [][]
 []

LaTeX Info: Redefining \. on input line 628.
LaTeX Info: Redefining \% on input line 628.
[70]
Underfull \hbox (badness 10000) in paragraph at lines 652--653

 []


Underfull \hbox (badness 10000) in paragraph at lines 662--663

 []

LaTeX Info: Redefining \. on input line 675.
LaTeX Info: Redefining \% on input line 675.
[71]
Underfull \hbox (badness 10000) in paragraph at lines 695--697

 []


Underfull \hbox (badness 10000) in paragraph at lines 712--713

 []


Underfull \hbox (badness 10000) in paragraph at lines 720--721

 []


Underfull \hbox (badness 10000) in paragraph at lines 729--730

 []

LaTeX Info: Redefining \. on input line 730.
LaTeX Info: Redefining \% on input line 730.
[72]
Underfull \hbox (badness 10000) in paragraph at lines 733--734

 []

LaTeX Info: Redefining \. on input line 778.
LaTeX Info: Redefining \% on input line 778.
[73]
Underfull \hbox (badness 10000) in paragraph at lines 778--780

 []


Overfull \hbox (15.10631pt too wide) in alignment at lines 783--789
 [] [] [] [][]
 []


Underfull \hbox (badness 10000) in paragraph at lines 811--813

 []

LaTeX Info: Redefining \. on input line 813.
LaTeX Info: Redefining \% on input line 813.
[74]
Underfull \hbox (badness 10000) in paragraph at lines 814--815

 []


Underfull \hbox (badness 10000) in paragraph at lines 835--836

 []

LaTeX Info: Redefining \. on input line 836.
LaTeX Info: Redefining \% on input line 836.
[75]
Package mdframed Info: mdframed works in twoside mode on input line 879.
Package mdframed Info: mdframed detected package amsthm 
 changed the theorem header of amsthm
(mdframed)              on input line 879.
Package mdframed Info: Box was splittet wrong
 starting loop to iterate the splitting point
(mdframed)              on input line 887.
LaTeX Info: Redefining \. on input line 887.
LaTeX Info: Redefining \% on input line 887.
 [76]
Underfull \hbox (badness 10000) in paragraph at lines 898--899

 []

LaTeX Info: Redefining \. on input line 939.
LaTeX Info: Redefining \% on input line 939.
[77]
Package mdframed Info: mdframed works in twoside mode on input line 977.
Package mdframed Info: mdframed detected package amsthm 
 changed the theorem header of amsthm
(mdframed)              on input line 977.
Package mdframed Info: Box was splittet wrong
 starting loop to iterate the splitting point
(mdframed)              on input line 997.
LaTeX Info: Redefining \. on input line 997.
LaTeX Info: Redefining \% on input line 997.
 [78]
Package mdframed Info: mdframed works in twoside mode on input line 1030.
Package mdframed Info: mdframed detected package amsthm 
 changed the theorem header of amsthm
(mdframed)              on input line 1030.

Overfull \hbox (6.21495pt too wide) in alignment at lines 1047--1061
 [] [] [] [][]
 []

LaTeX Info: Redefining \. on input line 1090.
LaTeX Info: Redefining \% on input line 1090.
[79]
Underfull \hbox (badness 10000) in paragraph at lines 1106--1107

 []

LaTeX Info: Redefining \. on input line 1107.
LaTeX Info: Redefining \% on input line 1107.
[80]
Underfull \hbox (badness 10000) in paragraph at lines 1144--1145

 []

LaTeX Info: Redefining \. on input line 1145.
LaTeX Info: Redefining \% on input line 1145.
[81]
Underfull \hbox (badness 10000) in paragraph at lines 1162--1163

 []


Underfull \hbox (badness 10000) in paragraph at lines 1170--1171

 []

Package mdframed Info: mdframed works in twoside mode on input line 1174.
Package mdframed Info: mdframed detected package amsthm 
 changed the theorem header of amsthm
(mdframed)              on input line 1174.
LaTeX Info: Redefining \. on input line 1190.
LaTeX Info: Redefining \% on input line 1190.
[82]
LaTeX Info: Redefining \. on input line 1244.
LaTeX Info: Redefining \% on input line 1244.
 [83]
Underfull \hbox (badness 10000) in paragraph at lines 1254--1255

 []

Package mdframed Info: mdframed works in twoside mode on input line 1279.
Package mdframed Info: mdframed detected package amsthm 
 changed the theorem header of amsthm
(mdframed)              on input line 1279.
LaTeX Info: Redefining \. on input line 1318.
LaTeX Info: Redefining \% on input line 1318.
[84]
Underfull \hbox (badness 10000) in paragraph at lines 1341--1342

 []


Overfull \hbox (25.00002pt too wide) in paragraph at lines 1340--1366
[][] [] 
 []

Package mdframed Info: mdframed works in twoside mode on input line 1367.
Package mdframed Info: mdframed detected package amsthm 
 changed the theorem header of amsthm
(mdframed)              on input line 1367.
Package mdframed Info: Box was splittet wrong
 starting loop to iterate the splitting point
(mdframed)              on input line 1377.
LaTeX Info: Redefining \. on input line 1377.
LaTeX Info: Redefining \% on input line 1377.
[85]
Underfull \hbox (badness 10000) in paragraph at lines 1391--1393

 []


Underfull \hbox (badness 10000) in paragraph at lines 1401--1402

 []


Underfull \hbox (badness 10000) in paragraph at lines 1403--1404

 []


Overfull \hbox (25.00002pt too wide) in paragraph at lines 1400--1426
[][] [] 
 []

LaTeX Info: Redefining \. on input line 1449.
LaTeX Info: Redefining \% on input line 1449.
[86]
Overfull \hbox (4.7534pt too wide) in alignment at lines 1493--1497
 [] [] [] [][]
 []

LaTeX Font Info:    Trying to load font information for U+fontawesometwo on inp
ut line 1502.
(/usr/share/texlive/texmf-dist/tex/latex/fontawesome/ufontawesometwo.fd
File: ufontawesometwo.fd 2016/05/22 Font definitions for U/fontawesometwo.
)
LaTeX Info: Redefining \. on input line 1504.
LaTeX Info: Redefining \% on input line 1504.

[87]
Underfull \hbox (badness 10000) in paragraph at lines 1521--1522

 []


Underfull \hbox (badness 10000) in paragraph at lines 1527--1529

 []

LaTeX Info: Redefining \. on input line 1550.
LaTeX Info: Redefining \% on input line 1550.
[88]
LaTeX Info: Redefining \. on input line 1609.
LaTeX Info: Redefining \% on input line 1609.
 [89]
Underfull \hbox (badness 10000) in paragraph at lines 1622--1623

 []


Underfull \hbox (badness 10000) in paragraph at lines 1624--1625

 []


Underfull \hbox (badness 10000) in paragraph at lines 1632--1633

 []


Underfull \hbox (badness 10000) in paragraph at lines 1634--1635

 []


Underfull \hbox (badness 10000) in paragraph at lines 1643--1644

 []

LaTeX Info: Redefining \. on input line 1647.
LaTeX Info: Redefining \% on input line 1647.
[90]
Underfull \hbox (badness 10000) in paragraph at lines 1660--1661

 []

LaTeX Info: Redefining \. on input line 1698.
LaTeX Info: Redefining \% on input line 1698.
[91]
Underfull \hbox (badness 10000) in paragraph at lines 1709--1710

 []


Underfull \hbox (badness 10000) in paragraph at lines 1711--1712

 []

LaTeX Info: Redefining \. on input line 1736.
LaTeX Info: Redefining \% on input line 1736.
[92]
Underfull \hbox (badness 10000) in paragraph at lines 1744--1745

 []


Underfull \hbox (badness 10000) in paragraph at lines 1746--1747

 []


Underfull \hbox (badness 10000) in paragraph at lines 1756--1757

 []


Underfull \hbox (badness 10000) in paragraph at lines 1765--1766

 []

) (./Capitulos/Cap_4/Capitulo4.tex
LaTeX Info: Redefining \. on input line 7.
LaTeX Info: Redefining \% on input line 7.
 [93] [94

]
Cap\'{\i }tulo 4.


pdfTeX warning: /usr/bin/pdflatex (file ./Pictures//chapter_head_4.pdf): PDF in
clusion: found PDF version <1.7>, but at most version <1.5> allowed
<Pictures//chapter_head_4.pdf, id=1625, 847.14355pt x 333.13763pt>
File: Pictures//chapter_head_4.pdf Graphic file (type pdf)
<use Pictures//chapter_head_4.pdf>
Package pdftex.def Info: Pictures//chapter_head_4.pdf  used on input line 7.
(pdftex.def)             Requested size: 597.50787pt x 234.9688pt.
[95 <./Pictures//chapter_head_4.pdf>]
Underfull \hbox (badness 10000) in paragraph at lines 101--102

 []

Package mdframed Info: mdframed works in twoside mode on input line 105.
Package mdframed Info: mdframed detected package amsthm 
 changed the theorem header of amsthm
(mdframed)              on input line 105.
LaTeX Info: Redefining \. on input line 120.
LaTeX Info: Redefining \% on input line 120.
[96]
Package mdframed Info: Not enough space on this page on input line 120.
Package mdframed Info: mdframed works in twoside mode on input line 122.
Package mdframed Info: mdframed detected package amsthm 
 changed the theorem header of amsthm
(mdframed)              on input line 122.
Package mdframed Info: mdframed works in twoside mode on input line 146.
Package mdframed Info: mdframed detected package amsthm 
 changed the theorem header of amsthm
(mdframed)              on input line 146.
LaTeX Info: Redefining \. on input line 172.
LaTeX Info: Redefining \% on input line 172.
 [97]
Package mdframed Info: mdframed works in twoside mode on input line 172.
Package mdframed Info: mdframed detected package amsthm 
 changed the theorem header of amsthm
(mdframed)              on input line 172.

Underfull \hbox (badness 10000) in paragraph at lines 173--174

 []

Package mdframed Info: Not enough space on this page on input line 198.
Package mdframed Info: mdframed works in twoside mode on input line 203.
Package mdframed Info: mdframed detected package amsthm 
 changed the theorem header of amsthm
(mdframed)              on input line 203.
LaTeX Info: Redefining \. on input line 226.
LaTeX Info: Redefining \% on input line 226.
[98]
Package mdframed Info: mdframed works in twoside mode on input line 268.
Package mdframed Info: mdframed detected package amsthm 
 changed the theorem header of amsthm
(mdframed)              on input line 268.

Underfull \hbox (badness 10000) in paragraph at lines 285--286

 []

LaTeX Info: Redefining \. on input line 335.
LaTeX Info: Redefining \% on input line 335.
[99]
Underfull \hbox (badness 10000) in paragraph at lines 337--338

 []

Package mdframed Info: mdframed works in twoside mode on input line 341.
Package mdframed Info: mdframed detected package amsthm 
 changed the theorem header of amsthm
(mdframed)              on input line 341.
LaTeX Info: Redefining \. on input line 369.
LaTeX Info: Redefining \% on input line 369.
[100]
Package mdframed Info: mdframed works in twoside mode on input line 371.
Package mdframed Info: mdframed detected package amsthm 
 changed the theorem header of amsthm
(mdframed)              on input line 371.

Underfull \hbox (badness 10000) in paragraph at lines 411--412

 []

LaTeX Info: Redefining \. on input line 422.
LaTeX Info: Redefining \% on input line 422.
[101]
Underfull \hbox (badness 10000) in paragraph at lines 426--428

 []


Underfull \hbox (badness 10000) in paragraph at lines 433--435

 []


Underfull \hbox (badness 10000) in paragraph at lines 460--462

 []

LaTeX Info: Redefining \. on input line 477.
LaTeX Info: Redefining \% on input line 477.
[102]
Package mdframed Info: mdframed works in twoside mode on input line 514.
Package mdframed Info: mdframed detected package amsthm 
 changed the theorem header of amsthm
(mdframed)              on input line 514.
LaTeX Info: Redefining \. on input line 529.
LaTeX Info: Redefining \% on input line 529.
 [103]
Underfull \hbox (badness 10000) in paragraph at lines 551--552

 []


Underfull \hbox (badness 10000) in paragraph at lines 553--554

 []

LaTeX Info: Redefining \. on input line 579.
LaTeX Info: Redefining \% on input line 579.
[104]
Package mdframed Info: mdframed works in twoside mode on input line 624.
Package mdframed Info: mdframed detected package amsthm 
 changed the theorem header of amsthm
(mdframed)              on input line 624.
Package mdframed Info: Not enough space on this page on input line 632.
LaTeX Info: Redefining \. on input line 632.
LaTeX Info: Redefining \% on input line 632.
 [105]
Package mdframed Info: Not enough space on this page on input line 632.

Underfull \hbox (badness 10000) in paragraph at lines 639--641

 []

Package mdframed Info: mdframed works in twoside mode on input line 643.
Package mdframed Info: mdframed detected package amsthm 
 changed the theorem header of amsthm
(mdframed)              on input line 643.
LaTeX Font Info:    Trying to load font information for U+bbm on input line 657
.
(/usr/share/texlive/texmf-dist/tex/latex/bbm-macros/ubbm.fd
File: ubbm.fd 1999/03/15 V 1.2 Font definition for bbm font - TH
)
Underfull \hbox (badness 10000) in paragraph at lines 661--662

 []

LaTeX Info: Redefining \. on input line 682.
LaTeX Info: Redefining \% on input line 682.
[106]
LaTeX Info: Redefining \. on input line 730.
LaTeX Info: Redefining \% on input line 730.
 [107]
Package mdframed Info: mdframed works in twoside mode on input line 739.
Package mdframed Info: mdframed detected package amsthm 
 changed the theorem header of amsthm
(mdframed)              on input line 739.
Package mdframed Info: mdframed works in twoside mode on input line 764.
Package mdframed Info: mdframed detected package amsthm 
 changed the theorem header of amsthm
(mdframed)              on input line 764.
LaTeX Info: Redefining \. on input line 781.
LaTeX Info: Redefining \% on input line 781.
 [108]
Package mdframed Info: mdframed works in twoside mode on input line 811.
Package mdframed Info: mdframed detected package amsthm 
 changed the theorem header of amsthm
(mdframed)              on input line 811.
LaTeX Info: Redefining \. on input line 831.
LaTeX Info: Redefining \% on input line 831.
 [109]
LaTeX Info: Redefining \. on input line 890.
LaTeX Info: Redefining \% on input line 890.
 [110]
LaTeX Info: Redefining \. on input line 949.
LaTeX Info: Redefining \% on input line 949.
 [111]
Underfull \hbox (badness 10000) in paragraph at lines 951--952

 []


Underfull \hbox (badness 10000) in paragraph at lines 953--954

 []

Package mdframed Info: mdframed works in twoside mode on input line 955.
Package mdframed Info: mdframed detected package amsthm 
 changed the theorem header of amsthm
(mdframed)              on input line 955.
LaTeX Info: Redefining \. on input line 1015.
LaTeX Info: Redefining \% on input line 1015.
[112]
Underfull \hbox (badness 10000) in paragraph at lines 1019--1021

 []

LaTeX Info: Redefining \. on input line 1066.
LaTeX Info: Redefining \% on input line 1066.
[113]
Package mdframed Info: mdframed works in twoside mode on input line 1093.
Package mdframed Info: mdframed detected package amsthm 
 changed the theorem header of amsthm
(mdframed)              on input line 1093.
LaTeX Info: Redefining \. on input line 1114.
LaTeX Info: Redefining \% on input line 1114.
 [114]
Underfull \hbox (badness 10000) in paragraph at lines 1143--1144

 []

Package mdframed Info: mdframed works in twoside mode on input line 1153.
Package mdframed Info: mdframed detected package amsthm 
 changed the theorem header of amsthm
(mdframed)              on input line 1153.
Package mdframed Info: You first box width is to small
 mdframed fixed it
(mdframed)              on input line 1160.
LaTeX Info: Redefining \. on input line 1160.
LaTeX Info: Redefining \% on input line 1160.
[115]
Package mdframed Info: mdframed works in twoside mode on input line 1173.
Package mdframed Info: mdframed detected package amsthm 
 changed the theorem header of amsthm
(mdframed)              on input line 1173.
LaTeX Info: Redefining \. on input line 1209.
LaTeX Info: Redefining \% on input line 1209.
 [116]
Underfull \hbox (badness 10000) in paragraph at lines 1227--1228

 []

LaTeX Info: Redefining \. on input line 1269.
LaTeX Info: Redefining \% on input line 1269.
[117]
Underfull \hbox (badness 10000) in paragraph at lines 1280--1281

 []

Package mdframed Info: mdframed works in twoside mode on input line 1302.
Package mdframed Info: mdframed detected package amsthm 
 changed the theorem header of amsthm
(mdframed)              on input line 1302.
Package mdframed Info: Box was splittet wrong
 starting loop to iterate the splitting point
(mdframed)              on input line 1324.
LaTeX Info: Redefining \. on input line 1324.
LaTeX Info: Redefining \% on input line 1324.
[118]
Package mdframed Info: mdframed works in twoside mode on input line 1355.
Package mdframed Info: mdframed detected package amsthm 
 changed the theorem header of amsthm
(mdframed)              on input line 1355.
LaTeX Info: Redefining \. on input line 1377.
LaTeX Info: Redefining \% on input line 1377.
 [119]
Package mdframed Info: mdframed works in twoside mode on input line 1385.
Package mdframed Info: mdframed detected package amsthm 
 changed the theorem header of amsthm
(mdframed)              on input line 1385.
LaTeX Info: Redefining \. on input line 1427.
LaTeX Info: Redefining \% on input line 1427.
 [120]
Underfull \hbox (badness 10000) in paragraph at lines 1443--1445

 []


Underfull \hbox (badness 10000) in paragraph at lines 1446--1447

 []

LaTeX Info: Redefining \. on input line 1474.
LaTeX Info: Redefining \% on input line 1474.
[121]
Package mdframed Info: mdframed works in twoside mode on input line 1478.
Package mdframed Info: mdframed detected package amsthm 
 changed the theorem header of amsthm
(mdframed)              on input line 1478.

Underfull \hbox (badness 10000) in paragraph at lines 1513--1514

 []

LaTeX Info: Redefining \. on input line 1514.
LaTeX Info: Redefining \% on input line 1514.
[122]
Package microtype Info: Loading generic protrusion settings for font family
(microtype)             `cmss' (encoding: OT1).
(microtype)             For optimal results, create family-specific settings.
(microtype)             See the microtype manual for details.
Package mdframed Info: mdframed works in twoside mode on input line 1529.
Package mdframed Info: mdframed detected package amsthm 
 changed the theorem header of amsthm
(mdframed)              on input line 1529.
LaTeX Info: Redefining \. on input line 1576.
LaTeX Info: Redefining \% on input line 1576.
 [123]
Underfull \hbox (badness 10000) in paragraph at lines 1580--1581

 []


Underfull \hbox (badness 10000) in paragraph at lines 1582--1583

 []


Underfull \hbox (badness 10000) in paragraph at lines 1591--1592

 []

Package mdframed Info: mdframed works in twoside mode on input line 1595.
Package mdframed Info: mdframed detected package amsthm 
 changed the theorem header of amsthm
(mdframed)              on input line 1595.
Package mdframed Info: You first box width is to small
 mdframed fixed it
(mdframed)              on input line 1605.
LaTeX Info: Redefining \. on input line 1605.
LaTeX Info: Redefining \% on input line 1605.
[124]
Package mdframed Info: mdframed works in twoside mode on input line 1609.
Package mdframed Info: mdframed detected package amsthm 
 changed the theorem header of amsthm
(mdframed)              on input line 1609.
LaTeX Info: Redefining \. on input line 1640.
LaTeX Info: Redefining \% on input line 1640.
 [125]
LaTeX Info: Redefining \. on input line 1692.
LaTeX Info: Redefining \% on input line 1692.
 [126]
Underfull \hbox (badness 10000) in paragraph at lines 1740--1741

 []

LaTeX Info: Redefining \. on input line 1741.
LaTeX Info: Redefining \% on input line 1741.
[127]
Package mdframed Info: mdframed works in twoside mode on input line 1747.
Package mdframed Info: mdframed detected package amsthm 
 changed the theorem header of amsthm
(mdframed)              on input line 1747.
LaTeX Info: Redefining \. on input line 1780.
LaTeX Info: Redefining \% on input line 1780.
 [128]
Underfull \hbox (badness 10000) in paragraph at lines 1789--1790

 []

LaTeX Info: Redefining \. on input line 1834.
LaTeX Info: Redefining \% on input line 1834.
[129]
Underfull \hbox (badness 10000) in paragraph at lines 1870--1871

 []

LaTeX Info: Redefining \. on input line 1884.
LaTeX Info: Redefining \% on input line 1884.
[130]
Package mdframed Info: mdframed works in twoside mode on input line 1884.
Package mdframed Info: mdframed detected package amsthm 
 changed the theorem header of amsthm
(mdframed)              on input line 1884.
LaTeX Info: Redefining \. on input line 1935.
LaTeX Info: Redefining \% on input line 1935.
 [131]
LaTeX Info: Redefining \. on input line 1986.
LaTeX Info: Redefining \% on input line 1986.
 [132]
Package mdframed Info: mdframed works in twoside mode on input line 1992.
Package mdframed Info: mdframed detected package amsthm 
 changed the theorem header of amsthm
(mdframed)              on input line 1992.

Overfull \hbox (11.41731pt too wide) in alignment at lines 2008--2013
 [] [] [] [][]
 []

LaTeX Info: Redefining \. on input line 2038.
LaTeX Info: Redefining \% on input line 2038.
[133pdfTeX warning (ext4): destination with the same identifier (name{equation.
4.5.162}) has been already used, duplicate ignored
<argument> ...shipout:D \box_use:N \l_shipout_box 
                                                  \__shipout_drop_firstpage_...
l.2038 \end{prof}
                 ]
Underfull \hbox (badness 10000) in paragraph at lines 2047--2048

 []


Underfull \hbox (badness 10000) in paragraph at lines 2066--2067

 []

LaTeX Info: Redefining \. on input line 2073.
LaTeX Info: Redefining \% on input line 2073.
[134]
Package mdframed Info: mdframed works in twoside mode on input line 2108.
Package mdframed Info: mdframed detected package amsthm 
 changed the theorem header of amsthm
(mdframed)              on input line 2108.
LaTeX Info: Redefining \. on input line 2126.
LaTeX Info: Redefining \% on input line 2126.
 [135]
Package mdframed Info: mdframed works in twoside mode on input line 2167.
Package mdframed Info: mdframed detected package amsthm 
 changed the theorem header of amsthm
(mdframed)              on input line 2167.
Package mdframed Info: Not enough space on this page on input line 2180.
LaTeX Info: Redefining \. on input line 2180.
LaTeX Info: Redefining \% on input line 2180.
 [136]
Package mdframed Info: Not enough space on this page on input line 2180.

Underfull \hbox (badness 10000) in paragraph at lines 2197--2198

 []

Package mdframed Info: mdframed works in twoside mode on input line 2207.
Package mdframed Info: mdframed detected package amsthm 
 changed the theorem header of amsthm
(mdframed)              on input line 2207.
LaTeX Info: Redefining \. on input line 2235.
LaTeX Info: Redefining \% on input line 2235.
[137]
Package mdframed Info: mdframed works in twoside mode on input line 2261.
Package mdframed Info: mdframed detected package amsthm 
 changed the theorem header of amsthm
(mdframed)              on input line 2261.
LaTeX Info: Redefining \. on input line 2269.
LaTeX Info: Redefining \% on input line 2269.
 [138]
Package mdframed Info: Not enough space on this page on input line 2269.
Package mdframed Info: mdframed works in twoside mode on input line 2279.
Package mdframed Info: mdframed detected package amsthm 
 changed the theorem header of amsthm
(mdframed)              on input line 2279.
LaTeX Info: Redefining \. on input line 2313.
LaTeX Info: Redefining \% on input line 2313.
 [139]
Package mdframed Info: mdframed works in twoside mode on input line 2330.
Package mdframed Info: mdframed detected package amsthm 
 changed the theorem header of amsthm
(mdframed)              on input line 2330.
LaTeX Info: Redefining \. on input line 2370.
LaTeX Info: Redefining \% on input line 2370.
 [140]
Package mdframed Info: mdframed works in twoside mode on input line 2397.
Package mdframed Info: mdframed detected package amsthm 
 changed the theorem header of amsthm
(mdframed)              on input line 2397.


Package mdframed Warning: You got a bad break
(mdframed)                because the last box will be empty
(mdframed)                you have to change it manually
(mdframed)                by changing the text, the space
(mdframed)                or something else on input line 2411.

Package mdframed Info: Box was splittet wrong
 starting loop to iterate the splitting point
(mdframed)              on input line 2411.
LaTeX Info: Redefining \. on input line 2411.
LaTeX Info: Redefining \% on input line 2411.
[141]
Package mdframed Info: mdframed works in twoside mode on input line 2439.
Package mdframed Info: mdframed detected package amsthm 
 changed the theorem header of amsthm
(mdframed)              on input line 2439.
LaTeX Info: Redefining \. on input line 2470.
LaTeX Info: Redefining \% on input line 2470.
 [142]) (./Capitulos/Cap_5/Capitulo5.tex
LaTeX Info: Redefining \. on input line 7.
LaTeX Info: Redefining \% on input line 7.
 [143] [144

]
Cap\'{\i }tulo 5.


pdfTeX warning: /usr/bin/pdflatex (file ./Pictures//chapter_head_5.pdf): PDF in
clusion: found PDF version <1.7>, but at most version <1.5> allowed
<Pictures//chapter_head_5.pdf, id=2272, 845.92532pt x 412.97142pt>
File: Pictures//chapter_head_5.pdf Graphic file (type pdf)
<use Pictures//chapter_head_5.pdf>
Package pdftex.def Info: Pictures//chapter_head_5.pdf  used on input line 7.
(pdftex.def)             Requested size: 597.50787pt x 291.71202pt.

Underfull \hbox (badness 10000) in paragraph at lines 22--23

 []


Underfull \hbox (badness 10000) in paragraph at lines 32--33

 []

[145 <./Pictures//chapter_head_5.pdf>]
Underfull \hbox (badness 10000) in paragraph at lines 40--41

 []

Package mdframed Info: mdframed works in twoside mode on input line 44.
Package mdframed Info: mdframed detected package amsthm 
 changed the theorem header of amsthm
(mdframed)              on input line 44.

Underfull \hbox (badness 10000) in paragraph at lines 84--86

 []

LaTeX Info: Redefining \. on input line 86.
LaTeX Info: Redefining \% on input line 86.
[146]
Package mdframed Info: mdframed works in twoside mode on input line 96.
Package mdframed Info: mdframed detected package amsthm 
 changed the theorem header of amsthm
(mdframed)              on input line 96.
) (./Capitulos/Cap_6/Capitulo6.tex
LaTeX Info: Redefining \. on input line 6.
LaTeX Info: Redefining \% on input line 6.
 [147] [148

]
Cap\'{\i }tulo 6.
File: Pictures//chapter_head_1.pdf Graphic file (type pdf)
<use Pictures//chapter_head_1.pdf>
Package pdftex.def Info: Pictures//chapter_head_1.pdf  used on input line 6.
(pdftex.def)             Requested size: 597.50787pt x 298.77907pt.
) (./Capitulos/Cap_7/Capitulo7.tex [149] [150

]
Cap\'{\i }tulo 7.
File: Pictures//chapter_head_2.pdf Graphic file (type pdf)
<use Pictures//chapter_head_2.pdf>
Package pdftex.def Info: Pictures//chapter_head_2.pdf  used on input line 6.
(pdftex.def)             Requested size: 597.50787pt x 298.75726pt.
) [151] [152

] (./QFT.ptc
LaTeX Info: Redefining \sptext on input line 1.
LaTeX Info: Redefining \. on input line 1.
LaTeX Info: Redefining \% on input line 1.

Underfull \hbox (badness 10000) in paragraph at lines 111--111
[]|[]| [][][]\T1/pag/db/n/12 (+20) Teoría cuán-ti-ca de cam-pos no-
 []

) [153] [154] (./Capitulos/Temas_selectos/feynmanCalc.tex
Cap\'{\i }tulo 8.
File: Pictures//chapter_head_2.pdf Graphic file (type pdf)
<use Pictures//chapter_head_2.pdf>
Package pdftex.def Info: Pictures//chapter_head_2.pdf  used on input line 1.
(pdftex.def)             Requested size: 597.50787pt x 298.75726pt.
) (./Capitulos/Temas_selectos/teoriasGauge.tex [155

] [156

]
Cap\'{\i }tulo 9.
File: Pictures//chapter_head_2.pdf Graphic file (type pdf)
<use Pictures//chapter_head_2.pdf>
Package pdftex.def Info: Pictures//chapter_head_2.pdf  used on input line 1.
(pdftex.def)             Requested size: 597.50787pt x 298.75726pt.
[157]
Underfull \hbox (badness 10000) in paragraph at lines 63--64

 []

LaTeX Info: Redefining \. on input line 83.
LaTeX Info: Redefining \% on input line 83.
[158]
LaTeX Info: Redefining \. on input line 136.
LaTeX Info: Redefining \% on input line 136.
 [159]
LaTeX Info: Redefining \. on input line 200.
LaTeX Info: Redefining \% on input line 200.
 [160]
LaTeX Info: Redefining \. on input line 270.
LaTeX Info: Redefining \% on input line 270.
 [161]
Underfull \hbox (badness 10000) in paragraph at lines 276--277

 []


Underfull \hbox (badness 10000) in paragraph at lines 295--296

 []

LaTeX Info: Redefining \. on input line 348.
LaTeX Info: Redefining \% on input line 348.
[162]
LaTeX Info: Redefining \. on input line 394.
LaTeX Info: Redefining \% on input line 394.
 [163]
Underfull \hbox (badness 10000) in paragraph at lines 414--415

 []

) (./Capitulos/Temas_selectos/simetriasRotas.tex
Overfull \hbox (18.38016pt too wide) in paragraph at lines 432--1
[]\T1/cmr/m/n/10 (-20) ******Ejercicio: de-mos-trar que la tra-za de cual-quier
 con-trac-ción de la for-ma $\OML/cmm/m/it/10 F[]F[]F[] [] F[]$
 []

LaTeX Info: Redefining \. on input line 1.
LaTeX Info: Redefining \% on input line 1.
[164]
Cap\'{\i }tulo 10.
File: Pictures//chapter_head_2.pdf Graphic file (type pdf)
<use Pictures//chapter_head_2.pdf>
Package pdftex.def Info: Pictures//chapter_head_2.pdf  used on input line 1.
(pdftex.def)             Requested size: 597.50787pt x 298.75726pt.

Underfull \hbox (badness 10000) in paragraph at lines 25--26

 []

[165

]
Package mdframed Info: mdframed works in twoside mode on input line 46.
Package mdframed Info: mdframed detected package amsthm 
 changed the theorem header of amsthm
(mdframed)              on input line 46.
<Pictures//parbPot.png, id=2527, 449.42906pt x 449.42906pt>
File: Pictures//parbPot.png Graphic file (type png)
<use Pictures//parbPot.png>
Package pdftex.def Info: Pictures//parbPot.png  used on input line 74.
(pdftex.def)             Requested size: 112.35698pt x 112.35698pt.
<Pictures//mexHatPot.png, id=2529, 449.42906pt x 449.42906pt>
File: Pictures//mexHatPot.png Graphic file (type png)
<use Pictures//mexHatPot.png>
Package pdftex.def Info: Pictures//mexHatPot.png  used on input line 79.
(pdftex.def)             Requested size: 112.35698pt x 112.35698pt.
LaTeX Info: Redefining \. on input line 86.
LaTeX Info: Redefining \% on input line 86.
 [166]
Underfull \vbox (badness 1320) has occurred while \output is active []

LaTeX Info: Redefining \. on input line 147.
LaTeX Info: Redefining \% on input line 147.
 [167 <./Pictures//parbPot.png> <./Pictures//mexHatPot.png>]
LaTeX Info: Redefining \. on input line 190.
LaTeX Info: Redefining \% on input line 190.
 [168]
LaTeX Info: Redefining \. on input line 236.
LaTeX Info: Redefining \% on input line 236.
 [169]
LaTeX Info: Redefining \. on input line 314.
LaTeX Info: Redefining \% on input line 314.
 [170]
Package mdframed Info: mdframed works in twoside mode on input line 334.
Package mdframed Info: mdframed detected package amsthm 
 changed the theorem header of amsthm
(mdframed)              on input line 334.
LaTeX Info: Redefining \. on input line 360.
LaTeX Info: Redefining \% on input line 360.
 [171]
Package mdframed Info: mdframed works in twoside mode on input line 400.
Package mdframed Info: mdframed detected package amsthm 
 changed the theorem header of amsthm
(mdframed)              on input line 400.
LaTeX Info: Redefining \. on input line 424.
LaTeX Info: Redefining \% on input line 424.

[172]
Package mdframed Info: mdframed works in twoside mode on input line 467.
Package mdframed Info: mdframed detected package amsthm 
 changed the theorem header of amsthm
(mdframed)              on input line 467.
LaTeX Info: Redefining \. on input line 479.
LaTeX Info: Redefining \% on input line 479.
 [173]
Underfull \hbox (badness 10000) in paragraph at lines 480--481

 []

LaTeX Info: Redefining \. on input line 531.
LaTeX Info: Redefining \% on input line 531.
[174]
LaTeX Info: Redefining \. on input line 583.
LaTeX Info: Redefining \% on input line 583.
 [175]
Underfull \hbox (badness 10000) in paragraph at lines 597--598

 []

LaTeX Info: Redefining \. on input line 630.
LaTeX Info: Redefining \% on input line 630.
[176]) (./Capitulos/Temas_selectos/modeloEstandar.tex
LaTeX Info: Redefining \. on input line 1.
LaTeX Info: Redefining \% on input line 1.
 [177] [178

]
Cap\'{\i }tulo 11.
File: Pictures//chapter_head_2.pdf Graphic file (type pdf)
<use Pictures//chapter_head_2.pdf>
Package pdftex.def Info: Pictures//chapter_head_2.pdf  used on input line 1.
(pdftex.def)             Requested size: 597.50787pt x 298.75726pt.

Underfull \hbox (badness 10000) in paragraph at lines 5--6

 []

[179]
LaTeX Info: Redefining \. on input line 73.
LaTeX Info: Redefining \% on input line 73.
 [180]
Package epstopdf Info: Source file: <Pictures//diagrama_sextete.eps>
(epstopdf)                    date: 2022-11-10 12:14:56
(epstopdf)                    size: 64993 bytes
(epstopdf)             Output file: <Pictures//diagrama_sextete-eps-converted-t
o.pdf>
(epstopdf)                    date: 2022-11-10 12:18:44
(epstopdf)                    size: 25461 bytes
(epstopdf)             Command: <repstopdf --outfile=Pictures//diagrama_sextete
-eps-converted-to.pdf Pictures//diagrama_sextete.eps>
(epstopdf)             \includegraphics on input line 86.
Package epstopdf Info: Output file is already uptodate.
<Pictures//diagrama_sextete-eps-converted-to.pdf, id=2703, 745.78625pt x 330.23
375pt>
File: Pictures//diagrama_sextete-eps-converted-to.pdf Graphic file (type pdf)
<use Pictures//diagrama_sextete-eps-converted-to.pdf>
Package pdftex.def Info: Pictures//diagrama_sextete-eps-converted-to.pdf  used 
on input line 86.
(pdftex.def)             Requested size: 186.4461pt x 82.55823pt.

Underfull \hbox (badness 10000) in paragraph at lines 95--96

 []

[181 <./Pictures//diagrama_sextete-eps-converted-to.pdf>]

Package hyperref Warning: Token not allowed in a PDF string (Unicode):
(hyperref)                removing `math shift' on input line 185.


Package hyperref Warning: Token not allowed in a PDF string (Unicode):
(hyperref)                removing `subscript' on input line 185.


Package hyperref Warning: Token not allowed in a PDF string (Unicode):
(hyperref)                removing `\otimes' on input line 185.


Package hyperref Warning: Token not allowed in a PDF string (Unicode):
(hyperref)                removing `math shift' on input line 185.

LaTeX Info: Redefining \. on input line 195.
LaTeX Info: Redefining \% on input line 195.
[182]
LaTeX Info: Redefining \. on input line 279.
LaTeX Info: Redefining \% on input line 279.
 [183]
Underfull \hbox (badness 10000) in paragraph at lines 299--300

 []


Underfull \vbox (badness 5036) has occurred while \output is active []

LaTeX Info: Redefining \. on input line 351.
LaTeX Info: Redefining \% on input line 351.
 [184]
LaTeX Info: Redefining \. on input line 392.
LaTeX Info: Redefining \% on input line 392.

[185]
LaTeX Info: Redefining \. on input line 452.
LaTeX Info: Redefining \% on input line 452.
 [186]
LaTeX Info: Redefining \. on input line 504.
LaTeX Info: Redefining \% on input line 504.
 [187]
Underfull \hbox (badness 10000) in paragraph at lines 518--519

 []

LaTeX Info: Redefining \. on input line 550.
LaTeX Info: Redefining \% on input line 550.
[188]
Underfull \hbox (badness 10000) in paragraph at lines 554--555

 []


Underfull \hbox (badness 10000) in paragraph at lines 591--592

 []

Package epstopdf Info: Source file: <Pictures//GIM1.eps>
(epstopdf)                    date: 2022-11-10 12:14:56
(epstopdf)                    size: 19292 bytes
(epstopdf)             Output file: <Pictures//GIM1-eps-converted-to.pdf>
(epstopdf)                    date: 2022-11-10 12:18:44
(epstopdf)                    size: 7990 bytes
(epstopdf)             Command: <repstopdf --outfile=Pictures//GIM1-eps-convert
ed-to.pdf Pictures//GIM1.eps>
(epstopdf)             \includegraphics on input line 597.
Package epstopdf Info: Output file is already uptodate.
<Pictures//GIM1-eps-converted-to.pdf, id=2810, 435.6275pt x 167.62625pt>
File: Pictures//GIM1-eps-converted-to.pdf Graphic file (type pdf)
<use Pictures//GIM1-eps-converted-to.pdf>
Package pdftex.def Info: Pictures//GIM1-eps-converted-to.pdf  used on input lin
e 597.
(pdftex.def)             Requested size: 152.47191pt x 58.67006pt.
LaTeX Info: Redefining \. on input line 600.
LaTeX Info: Redefining \% on input line 600.
[189]
Underfull \hbox (badness 10000) in paragraph at lines 619--620

 []


Underfull \hbox (badness 10000) in paragraph at lines 640--642

 []

Package epstopdf Info: Source file: <Pictures//GIM-reglaF1.eps>
(epstopdf)                    date: 2022-11-10 12:14:56
(epstopdf)                    size: 10631 bytes
(epstopdf)             Output file: <Pictures//GIM-reglaF1-eps-converted-to.pdf
>
(epstopdf)                    date: 2022-11-10 12:18:44
(epstopdf)                    size: 5603 bytes
(epstopdf)             Command: <repstopdf --outfile=Pictures//GIM-reglaF1-eps-
converted-to.pdf Pictures//GIM-reglaF1.eps>
(epstopdf)             \includegraphics on input line 646.
Package epstopdf Info: Output file is already uptodate.
<Pictures//GIM-reglaF1-eps-converted-to.pdf, id=2824, 231.86626pt x 161.60374pt
>
File: Pictures//GIM-reglaF1-eps-converted-to.pdf Graphic file (type pdf)
<use Pictures//GIM-reglaF1-eps-converted-to.pdf>
Package pdftex.def Info: Pictures//GIM-reglaF1-eps-converted-to.pdf  used on in
put line 646.
(pdftex.def)             Requested size: 92.74484pt x 64.64035pt.
Package epstopdf Info: Source file: <Pictures//GIM-reglaF2.eps>
(epstopdf)                    date: 2022-11-10 12:14:56
(epstopdf)                    size: 10669 bytes
(epstopdf)             Output file: <Pictures//GIM-reglaF2-eps-converted-to.pdf
>
(epstopdf)                    date: 2022-11-10 12:18:46
(epstopdf)                    size: 5610 bytes
(epstopdf)             Command: <repstopdf --outfile=Pictures//GIM-reglaF2-eps-
converted-to.pdf Pictures//GIM-reglaF2.eps>
(epstopdf)             \includegraphics on input line 654.
Package epstopdf Info: Output file is already uptodate.
<Pictures//GIM-reglaF2-eps-converted-to.pdf, id=2825, 231.86626pt x 161.60374pt
>
File: Pictures//GIM-reglaF2-eps-converted-to.pdf Graphic file (type pdf)
<use Pictures//GIM-reglaF2-eps-converted-to.pdf>
Package pdftex.def Info: Pictures//GIM-reglaF2-eps-converted-to.pdf  used on in
put line 654.
(pdftex.def)             Requested size: 92.74484pt x 64.64035pt.
LaTeX Info: Redefining \. on input line 660.
LaTeX Info: Redefining \% on input line 660.
[190 <./Pictures//GIM1-eps-converted-to.pdf>]
Package epstopdf Info: Source file: <Pictures//GIM1_v1.eps>
(epstopdf)                    date: 2022-11-10 12:14:56
(epstopdf)                    size: 7090 bytes
(epstopdf)             Output file: <Pictures//GIM1_v1-eps-converted-to.pdf>
(epstopdf)                    date: 2022-11-10 12:18:46
(epstopdf)                    size: 4374 bytes
(epstopdf)             Command: <repstopdf --outfile=Pictures//GIM1_v1-eps-conv
erted-to.pdf Pictures//GIM1_v1.eps>
(epstopdf)             \includegraphics on input line 668.
Package epstopdf Info: Output file is already uptodate.
<Pictures//GIM1_v1-eps-converted-to.pdf, id=2840, 230.8625pt x 135.50626pt>
File: Pictures//GIM1_v1-eps-converted-to.pdf Graphic file (type pdf)
<use Pictures//GIM1_v1-eps-converted-to.pdf>
Package pdftex.def Info: Pictures//GIM1_v1-eps-converted-to.pdf  used on input 
line 668.
(pdftex.def)             Requested size: 80.80307pt x 47.42789pt.
Package epstopdf Info: Source file: <Pictures//GIM1_v2.eps>
(epstopdf)                    date: 2022-11-10 12:14:56
(epstopdf)                    size: 7334 bytes
(epstopdf)             Output file: <Pictures//GIM1_v2-eps-converted-to.pdf>
(epstopdf)                    date: 2022-11-10 12:18:46
(epstopdf)                    size: 4285 bytes
(epstopdf)             Command: <repstopdf --outfile=Pictures//GIM1_v2-eps-conv
erted-to.pdf Pictures//GIM1_v2.eps>
(epstopdf)             \includegraphics on input line 680.
Package epstopdf Info: Output file is already uptodate.
<Pictures//GIM1_v2-eps-converted-to.pdf, id=2841, 235.88126pt x 136.51pt>
File: Pictures//GIM1_v2-eps-converted-to.pdf Graphic file (type pdf)
<use Pictures//GIM1_v2-eps-converted-to.pdf>
Package pdftex.def Info: Pictures//GIM1_v2-eps-converted-to.pdf  used on input 
line 680.
(pdftex.def)             Requested size: 82.55966pt x 47.7792pt.
LaTeX Info: Redefining \. on input line 714.
LaTeX Info: Redefining \% on input line 714.
 [191 <./Pictures//GIM-reglaF1-eps-converted-to.pdf> <./Pictures//GIM-reglaF2-e
ps-converted-to.pdf> <./Pictures//GIM1_v1-eps-converted-to.pdf> <./Pictures//GI
M1_v2-eps-converted-to.pdf>]
Package epstopdf Info: Source file: <Pictures//GIM1_suma.eps>
(epstopdf)                    date: 2022-11-10 12:14:56
(epstopdf)                    size: 32365 bytes
(epstopdf)             Output file: <Pictures//GIM1_suma-eps-converted-to.pdf>
(epstopdf)                    date: 2022-11-10 12:18:46
(epstopdf)                    size: 11363 bytes
(epstopdf)             Command: <repstopdf --outfile=Pictures//GIM1_suma-eps-co
nverted-to.pdf Pictures//GIM1_suma.eps>
(epstopdf)             \includegraphics on input line 720.
Package epstopdf Info: Output file is already uptodate.
<Pictures//GIM1_suma-eps-converted-to.pdf, id=2855, 891.33pt x 167.62625pt>
File: Pictures//GIM1_suma-eps-converted-to.pdf Graphic file (type pdf)
<use Pictures//GIM1_suma-eps-converted-to.pdf>
Package pdftex.def Info: Pictures//GIM1_suma-eps-converted-to.pdf  used on inpu
t line 720.
(pdftex.def)             Requested size: 311.97017pt x 58.67006pt.

Underfull \hbox (badness 10000) in paragraph at lines 729--730

 []

) (./Capitulos/Temas_selectos/anomalias.tex
LaTeX Info: Redefining \. on input line 2.
LaTeX Info: Redefining \% on input line 2.
 [192 <./Pictures//GIM1_suma-eps-converted-to.pdf>]
Cap\'{\i }tulo 12.
<Pictures//chapterHeaders/particles1.png, id=2863, 3582.30432pt x 1789.59238pt>

File: Pictures//chapterHeaders/particles1.png Graphic file (type png)
<use Pictures//chapterHeaders/particles1.png>
Package pdftex.def Info: Pictures//chapterHeaders/particles1.png  used on input
 line 2.
(pdftex.def)             Requested size: 597.50787pt x 298.49222pt.
Package epstopdf Info: Source file: <Pictures//anomalias1.eps>
(epstopdf)                    date: 2022-11-10 12:14:56
(epstopdf)                    size: 33331 bytes
(epstopdf)             Output file: <Pictures//anomalias1-eps-converted-to.pdf>

(epstopdf)                    date: 2022-11-10 12:18:46
(epstopdf)                    size: 31574 bytes
(epstopdf)             Command: <repstopdf --outfile=Pictures//anomalias1-eps-c
onverted-to.pdf Pictures//anomalias1.eps>
(epstopdf)             \includegraphics on input line 19.
Package epstopdf Info: Output file is already uptodate.
<Pictures//anomalias1-eps-converted-to.pdf, id=2867, 379.4175pt x 143.53625pt>
File: Pictures//anomalias1-eps-converted-to.pdf Graphic file (type pdf)
<use Pictures//anomalias1-eps-converted-to.pdf>
Package pdftex.def Info: Pictures//anomalias1-eps-converted-to.pdf  used on inp
ut line 19.
(pdftex.def)             Requested size: 132.79811pt x 50.23843pt.

Underfull \hbox (badness 10000) in paragraph at lines 32--33

 []

Package mdframed Info: mdframed works in twoside mode on input line 34.
Package mdframed Info: mdframed detected package amsthm 
 changed the theorem header of amsthm
(mdframed)              on input line 34.
Package epstopdf Info: Source file: <Pictures//vertice_anomalias1.eps>
(epstopdf)                    date: 2023-10-15 19:09:18
(epstopdf)                    size: 15090 bytes
(epstopdf)             Output file: <Pictures//vertice_anomalias1-eps-converted
-to.pdf>
(epstopdf)                    date: 2023-10-15 19:09:32
(epstopdf)                    size: 14767 bytes
(epstopdf)             Command: <repstopdf --outfile=Pictures//vertice_anomalia
s1-eps-converted-to.pdf Pictures//vertice_anomalias1.eps>
(epstopdf)             \includegraphics on input line 45.
Package epstopdf Info: Output file is already uptodate.
<Pictures//vertice_anomalias1-eps-converted-to.pdf, id=2870, 224.84pt x 174.652
5pt>
File: Pictures//vertice_anomalias1-eps-converted-to.pdf Graphic file (type pdf)

<use Pictures//vertice_anomalias1-eps-converted-to.pdf>
Package pdftex.def Info: Pictures//vertice_anomalias1-eps-converted-to.pdf  use
d on input line 45.
(pdftex.def)             Requested size: 44.9672pt x 34.92987pt.

Overfull \hbox (3.68555pt too wide) in paragraph at lines 45--46
[][] 
 []

Package epstopdf Info: Source file: <Pictures//vertice_anomalias1.eps>
(epstopdf)                    date: 2023-10-15 19:09:18
(epstopdf)                    size: 15090 bytes
(epstopdf)             Output file: <Pictures//vertice_anomalias1-eps-converted
-to.pdf>
(epstopdf)                    date: 2023-10-15 19:09:32
(epstopdf)                    size: 14767 bytes
(epstopdf)             Command: <repstopdf --outfile=Pictures//vertice_anomalia
s1-eps-converted-to.pdf Pictures//vertice_anomalias1.eps>
(epstopdf)             \includegraphics on input line 54.
Package epstopdf Info: Output file is already uptodate.
File: Pictures//vertice_anomalias1-eps-converted-to.pdf Graphic file (type pdf)

<use Pictures//vertice_anomalias1-eps-converted-to.pdf>
Package pdftex.def Info: Pictures//vertice_anomalias1-eps-converted-to.pdf  use
d on input line 54.
(pdftex.def)             Requested size: 44.9672pt x 34.92987pt.

Overfull \hbox (3.68555pt too wide) in paragraph at lines 54--55
[][] 
 []

[193

 <./Pictures//chapterHeaders/particles1.png> <./Pictures//anomalias1-eps-conver
ted-to.pdf>]
Package mdframed Info: Not enough space on this page on input line 69.
Package epstopdf Info: Source file: <Pictures//anomalias_diag1.eps>
(epstopdf)                    date: 2022-11-10 12:14:56
(epstopdf)                    size: 63723 bytes
(epstopdf)             Output file: <Pictures//anomalias_diag1-eps-converted-to
.pdf>
(epstopdf)                    date: 2022-11-10 12:18:48
(epstopdf)                    size: 59857 bytes
(epstopdf)             Command: <repstopdf --outfile=Pictures//anomalias_diag1-
eps-converted-to.pdf Pictures//anomalias_diag1.eps>
(epstopdf)             \includegraphics on input line 78.
Package epstopdf Info: Output file is already uptodate.
<Pictures//anomalias_diag1-eps-converted-to.pdf, id=2887, 343.2825pt x 236.885p
t>
File: Pictures//anomalias_diag1-eps-converted-to.pdf Graphic file (type pdf)
<use Pictures//anomalias_diag1-eps-converted-to.pdf>
Package pdftex.def Info: Pictures//anomalias_diag1-eps-converted-to.pdf  used o
n input line 78.
(pdftex.def)             Requested size: 137.31056pt x 94.75232pt.
Package epstopdf Info: Source file: <Pictures//anomalias_diag1cruzado.eps>
(epstopdf)                    date: 2022-11-10 12:14:56
(epstopdf)                    size: 67524 bytes
(epstopdf)             Output file: <Pictures//anomalias_diag1cruzado-eps-conve
rted-to.pdf>
(epstopdf)                    date: 2022-11-10 12:18:48
(epstopdf)                    size: 63379 bytes
(epstopdf)             Command: <repstopdf --outfile=Pictures//anomalias_diag1c
ruzado-eps-converted-to.pdf Pictures//anomalias_diag1cruzado.eps>
(epstopdf)             \includegraphics on input line 84.
Package epstopdf Info: Output file is already uptodate.
<Pictures//anomalias_diag1cruzado-eps-converted-to.pdf, id=2888, 353.32pt x 242
.9075pt>
File: Pictures//anomalias_diag1cruzado-eps-converted-to.pdf Graphic file (type 
pdf)
<use Pictures//anomalias_diag1cruzado-eps-converted-to.pdf>
Package pdftex.def Info: Pictures//anomalias_diag1cruzado-eps-converted-to.pdf 
 used on input line 84.
(pdftex.def)             Requested size: 141.32549pt x 97.16127pt.
Package mdframed Info: mdframed works in twoside mode on input line 90.
Package mdframed Info: mdframed detected package amsthm 
 changed the theorem header of amsthm
(mdframed)              on input line 90.
LaTeX Info: Redefining \. on input line 122.
LaTeX Info: Redefining \% on input line 122.
 [194 <./Pictures//vertice_anomalias1-eps-converted-to.pdf> <./Pictures//anomal
ias_diag1-eps-converted-to.pdf> <./Pictures//anomalias_diag1cruzado-eps-convert
ed-to.pdf>]
Package mdframed Info: mdframed works in twoside mode on input line 159.
Package mdframed Info: mdframed detected package amsthm 
 changed the theorem header of amsthm
(mdframed)              on input line 159.
 [195]
Package mdframed Info: mdframed works in twoside mode on input line 211.
Package mdframed Info: mdframed detected package amsthm 
 changed the theorem header of amsthm
(mdframed)              on input line 211.

Underfull \hbox (badness 10000) in paragraph at lines 243--244

 []

Package mdframed Info: mdframed works in twoside mode on input line 245.
Package mdframed Info: mdframed detected package amsthm 
 changed the theorem header of amsthm
(mdframed)              on input line 245.

LaTeX Font Warning: Command \footnotesize invalid in math mode on input line 28
3.

LaTeX Info: Redefining \. on input line 284.
LaTeX Info: Redefining \% on input line 284.
[196]
Underfull \vbox (badness 1546) has occurred while \output is active []

 [197]
LaTeX Info: Redefining \. on input line 381.
LaTeX Info: Redefining \% on input line 381.

[198]
Underfull \hbox (badness 10000) in paragraph at lines 389--390

 []


Underfull \hbox (badness 10000) in paragraph at lines 411--415

 []

[199]
LaTeX Info: Redefining \. on input line 512.
LaTeX Info: Redefining \% on input line 512.
 [200]
Underfull \hbox (badness 10000) in paragraph at lines 514--515

 []

Package epstopdf Info: Source file: <Pictures//anomalias_ejm1.eps>
(epstopdf)                    date: 2022-11-10 12:14:56
(epstopdf)                    size: 11835 bytes
(epstopdf)             Output file: <Pictures//anomalias_ejm1-eps-converted-to.
pdf>
(epstopdf)                    date: 2022-11-10 12:18:48
(epstopdf)                    size: 5979 bytes
(epstopdf)             Command: <repstopdf --outfile=Pictures//anomalias_ejm1-e
ps-converted-to.pdf Pictures//anomalias_ejm1.eps>
(epstopdf)             \includegraphics on input line 555.
Package epstopdf Info: Output file is already uptodate.
<Pictures//anomalias_ejm1-eps-converted-to.pdf, id=2965, 538.01pt x 180.675pt>
File: Pictures//anomalias_ejm1-eps-converted-to.pdf Graphic file (type pdf)
<use Pictures//anomalias_ejm1-eps-converted-to.pdf>
Package pdftex.def Info: Pictures//anomalias_ejm1-eps-converted-to.pdf  used on
 input line 555.
(pdftex.def)             Requested size: 134.50217pt x 45.16862pt.

Underfull \hbox (badness 10000) in paragraph at lines 567--568

 []

LaTeX Info: Redefining \. on input line 573.
LaTeX Info: Redefining \% on input line 573.
[201 <./Pictures//anomalias_ejm1-eps-converted-to.pdf>]
Underfull \hbox (badness 10000) in paragraph at lines 606--607

 []

Package epstopdf Info: Source file: <Pictures//anomalias_ejm2.eps>
(epstopdf)                    date: 2022-11-10 12:14:56
(epstopdf)                    size: 22740 bytes
(epstopdf)             Output file: <Pictures//anomalias_ejm2-eps-converted-to.
pdf>
(epstopdf)                    date: 2022-11-10 12:18:48
(epstopdf)                    size: 10011 bytes
(epstopdf)             Command: <repstopdf --outfile=Pictures//anomalias_ejm2-e
ps-converted-to.pdf Pictures//anomalias_ejm2.eps>
(epstopdf)             \includegraphics on input line 616.
Package epstopdf Info: Output file is already uptodate.
<Pictures//anomalias_ejm2-eps-converted-to.pdf, id=2977, 528.97626pt x 181.6787
6pt>
File: Pictures//anomalias_ejm2-eps-converted-to.pdf Graphic file (type pdf)
<use Pictures//anomalias_ejm2-eps-converted-to.pdf>
Package pdftex.def Info: Pictures//anomalias_ejm2-eps-converted-to.pdf  used on
 input line 616.
(pdftex.def)             Requested size: 132.24373pt x 45.41957pt.
LaTeX Info: Redefining \. on input line 637.
LaTeX Info: Redefining \% on input line 637.
[202 <./Pictures//anomalias_ejm2-eps-converted-to.pdf>]
Package epstopdf Info: Source file: <Pictures//anomalias_ejm3.eps>
(epstopdf)                    date: 2022-11-10 12:14:56
(epstopdf)                    size: 13728 bytes
(epstopdf)             Output file: <Pictures//anomalias_ejm3-eps-converted-to.
pdf>
(epstopdf)                    date: 2022-11-10 12:18:50
(epstopdf)                    size: 6609 bytes
(epstopdf)             Command: <repstopdf --outfile=Pictures//anomalias_ejm3-e
ps-converted-to.pdf Pictures//anomalias_ejm3.eps>
(epstopdf)             \includegraphics on input line 683.
Package epstopdf Info: Output file is already uptodate.
<Pictures//anomalias_ejm3-eps-converted-to.pdf, id=2990, 461.725pt x 182.6825pt
>
File: Pictures//anomalias_ejm3-eps-converted-to.pdf Graphic file (type pdf)
<use Pictures//anomalias_ejm3-eps-converted-to.pdf>
Package pdftex.def Info: Pictures//anomalias_ejm3-eps-converted-to.pdf  used on
 input line 683.
(pdftex.def)             Requested size: 115.43097pt x 45.6705pt.
LaTeX Info: Redefining \. on input line 709.
LaTeX Info: Redefining \% on input line 709.
 [203 <./Pictures//anomalias_ejm3-eps-converted-to.pdf>]
Package epstopdf Info: Source file: <Pictures//anomalias_ejm4.eps>
(epstopdf)                    date: 2022-11-10 12:14:56
(epstopdf)                    size: 15634 bytes
(epstopdf)             Output file: <Pictures//anomalias_ejm4-eps-converted-to.
pdf>
(epstopdf)                    date: 2022-11-10 12:18:50
(epstopdf)                    size: 8130 bytes
(epstopdf)             Command: <repstopdf --outfile=Pictures//anomalias_ejm4-e
ps-converted-to.pdf Pictures//anomalias_ejm4.eps>
(epstopdf)             \includegraphics on input line 750.
Package epstopdf Info: Output file is already uptodate.
<Pictures//anomalias_ejm4-eps-converted-to.pdf, id=3003, 411.5375pt x 166.6225p
t>
File: Pictures//anomalias_ejm4-eps-converted-to.pdf Graphic file (type pdf)
<use Pictures//anomalias_ejm4-eps-converted-to.pdf>
Package pdftex.def Info: Pictures//anomalias_ejm4-eps-converted-to.pdf  used on
 input line 750.
(pdftex.def)             Requested size: 102.88412pt x 41.65552pt.
Package mdframed Info: mdframed works in twoside mode on input line 769.
Package mdframed Info: mdframed detected package amsthm 
 changed the theorem header of amsthm
(mdframed)              on input line 769.
LaTeX Info: Redefining \. on input line 771.
LaTeX Info: Redefining \% on input line 771.
 [204 <./Pictures//anomalias_ejm4-eps-converted-to.pdf>]
Package mdframed Info: Not enough space on this page on input line 771.

Underfull \hbox (badness 10000) in paragraph at lines 773--774

 []

LaTeX Info: Redefining \. on input line 836.
LaTeX Info: Redefining \% on input line 836.
[205]) (./Capitulos/Temas_selectos/oscNeutrinos.tex
LaTeX Info: Redefining \. on input line 1.
LaTeX Info: Redefining \% on input line 1.
 [206]
Cap\'{\i }tulo 13.
File: Pictures//chapterHeaders/particles1.png Graphic file (type png)
<use Pictures//chapterHeaders/particles1.png>
Package pdftex.def Info: Pictures//chapterHeaders/particles1.png  used on input
 line 1.
(pdftex.def)             Requested size: 597.50787pt x 298.49222pt.

Underfull \hbox (badness 10000) in paragraph at lines 14--15

 []

[207

]
Underfull \hbox (badness 10000) in paragraph at lines 75--76

 []

Package epstopdf Info: Source file: <Pictures//neutrinos_diag1.eps>
(epstopdf)                    date: 2022-11-10 12:14:56
(epstopdf)                    size: 10868 bytes
(epstopdf)             Output file: <Pictures//neutrinos_diag1-eps-converted-to
.pdf>
(epstopdf)                    date: 2022-11-10 12:18:50
(epstopdf)                    size: 5580 bytes
(epstopdf)             Command: <repstopdf --outfile=Pictures//neutrinos_diag1-
eps-converted-to.pdf Pictures//neutrinos_diag1.eps>
(epstopdf)             \includegraphics on input line 87.
Package epstopdf Info: Output file is already uptodate.
<Pictures//neutrinos_diag1-eps-converted-to.pdf, id=3049, 435.6275pt x 155.5812
5pt>
File: Pictures//neutrinos_diag1-eps-converted-to.pdf Graphic file (type pdf)
<use Pictures//neutrinos_diag1-eps-converted-to.pdf>
Package pdftex.def Info: Pictures//neutrinos_diag1-eps-converted-to.pdf  used o
n input line 87.
(pdftex.def)             Requested size: 108.9066pt x 38.8952pt.
LaTeX Info: Redefining \. on input line 105.
LaTeX Info: Redefining \% on input line 105.
[208 <./Pictures//neutrinos_diag1-eps-converted-to.pdf>]
LaTeX Info: Redefining \. on input line 193.
LaTeX Info: Redefining \% on input line 193.
 [209]
LaTeX Info: Redefining \. on input line 255.
LaTeX Info: Redefining \% on input line 255.
 [210]
Underfull \hbox (badness 10000) in paragraph at lines 263--264

 []

LaTeX Info: Redefining \. on input line 317.
LaTeX Info: Redefining \% on input line 317.
[211]
LaTeX Info: Redefining \. on input line 378.
LaTeX Info: Redefining \% on input line 378.
 [212]
LaTeX Info: Redefining \. on input line 450.
LaTeX Info: Redefining \% on input line 450.
 [213]
Package mdframed Info: mdframed works in twoside mode on input line 464.
Package mdframed Info: mdframed detected package amsthm 
 changed the theorem header of amsthm
(mdframed)              on input line 464.

Underfull \hbox (badness 10000) in paragraph at lines 510--511

 []

LaTeX Info: Redefining \. on input line 511.
LaTeX Info: Redefining \% on input line 511.
[214]
Underfull \hbox (badness 10000) in paragraph at lines 518--519

 []


Underfull \hbox (badness 10000) in paragraph at lines 557--558

 []


Underfull \hbox (badness 10000) in paragraph at lines 579--580

 []

LaTeX Info: Redefining \. on input line 583.
LaTeX Info: Redefining \% on input line 583.
[215]
Package mdframed Info: mdframed works in twoside mode on input line 598.
Package mdframed Info: mdframed detected package amsthm 
 changed the theorem header of amsthm
(mdframed)              on input line 598.

Underfull \hbox (badness 10000) in paragraph at lines 602--603

 []

LaTeX Info: Redefining \. on input line 658.
LaTeX Info: Redefining \% on input line 658.
[216]) (./Capitulos/Temas_selectos/renormalizacion.tex
LaTeX Info: Redefining \. on input line 1.
LaTeX Info: Redefining \% on input line 1.
 [217] [218

]
Cap\'{\i }tulo 14.
File: Pictures//chapterHeaders/particles1.png Graphic file (type png)
<use Pictures//chapterHeaders/particles1.png>
Package pdftex.def Info: Pictures//chapterHeaders/particles1.png  used on input
 line 1.
(pdftex.def)             Requested size: 597.50787pt x 298.49222pt.
[219]
Package mdframed Info: mdframed works in twoside mode on input line 19.
Package mdframed Info: mdframed detected package amsthm 
 changed the theorem header of amsthm
(mdframed)              on input line 19.
Package mdframed Info: Not enough space on this page on input line 37.
Package epstopdf Info: Source file: <Pictures/1partRedu_ladder.eps>
(epstopdf)                    date: 2022-11-10 12:14:56
(epstopdf)                    size: 7707 bytes
(epstopdf)             Output file: <Pictures/1partRedu_ladder-eps-converted-to
.pdf>
(epstopdf)                    date: 2022-11-10 12:18:50
(epstopdf)                    size: 4634 bytes
(epstopdf)             Command: <repstopdf --outfile=Pictures/1partRedu_ladder-
eps-converted-to.pdf Pictures/1partRedu_ladder.eps>
(epstopdf)             \includegraphics on input line 43.
Package epstopdf Info: Output file is already uptodate.
<Pictures/1partRedu_ladder-eps-converted-to.pdf, id=3172, 354.32375pt x 279.042
5pt>
File: Pictures/1partRedu_ladder-eps-converted-to.pdf Graphic file (type pdf)
<use Pictures/1partRedu_ladder-eps-converted-to.pdf>
Package pdftex.def Info: Pictures/1partRedu_ladder-eps-converted-to.pdf  used o
n input line 43.
(pdftex.def)             Requested size: 106.29794pt x 83.7134pt.
Package epstopdf Info: Source file: <Pictures//1partIrred_mount.eps>
(epstopdf)                    date: 2022-11-10 12:14:56
(epstopdf)                    size: 13236 bytes
(epstopdf)             Output file: <Pictures//1partIrred_mount-eps-converted-t
o.pdf>
(epstopdf)                    date: 2022-11-10 12:18:50
(epstopdf)                    size: 7341 bytes
(epstopdf)             Command: <repstopdf --outfile=Pictures//1partIrred_mount
-eps-converted-to.pdf Pictures//1partIrred_mount.eps>
(epstopdf)             \includegraphics on input line 52.
Package epstopdf Info: Output file is already uptodate.
<Pictures//1partIrred_mount-eps-converted-to.pdf, id=3174, 507.8975pt x 349.305
pt>
File: Pictures//1partIrred_mount-eps-converted-to.pdf Graphic file (type pdf)
<use Pictures//1partIrred_mount-eps-converted-to.pdf>
Package pdftex.def Info: Pictures//1partIrred_mount-eps-converted-to.pdf  used 
on input line 52.
(pdftex.def)             Requested size: 101.5777pt x 69.85976pt.
Package mdframed Info: mdframed works in twoside mode on input line 59.
Package mdframed Info: mdframed detected package amsthm 
 changed the theorem header of amsthm
(mdframed)              on input line 59.
LaTeX Info: Redefining \. on input line 69.
LaTeX Info: Redefining \% on input line 69.
 [220

 <./Pictures/1partRedu_ladder-eps-converted-to.pdf> <./Pictures//1partIrred_mou
nt-eps-converted-to.pdf>]
Package mdframed Info: mdframed works in twoside mode on input line 95.
Package mdframed Info: mdframed detected package amsthm 
 changed the theorem header of amsthm
(mdframed)              on input line 95.
LaTeX Info: Redefining \. on input line 127.
LaTeX Info: Redefining \% on input line 127.
 [221]
Underfull \hbox (badness 10000) in paragraph at lines 149--150

 []


Underfull \hbox (badness 10000) in paragraph at lines 174--175

 []

LaTeX Info: Redefining \. on input line 196.
LaTeX Info: Redefining \% on input line 196.
[222]
Package mdframed Info: mdframed works in twoside mode on input line 231.
Package mdframed Info: mdframed detected package amsthm 
 changed the theorem header of amsthm
(mdframed)              on input line 231.
LaTeX Info: Redefining \. on input line 266.
LaTeX Info: Redefining \% on input line 266.
 [223]
Package epstopdf Info: Source file: <Pictures//RFeynmanRenorm1.eps>
(epstopdf)                    date: 2022-11-10 12:14:56
(epstopdf)                    size: 4559 bytes
(epstopdf)             Output file: <Pictures//RFeynmanRenorm1-eps-converted-to
.pdf>
(epstopdf)                    date: 2022-11-10 12:18:52
(epstopdf)                    size: 3489 bytes
(epstopdf)             Command: <repstopdf --outfile=Pictures//RFeynmanRenorm1-
eps-converted-to.pdf Pictures//RFeynmanRenorm1.eps>
(epstopdf)             \includegraphics on input line 325.
Package epstopdf Info: Output file is already uptodate.
<Pictures//RFeynmanRenorm1-eps-converted-to.pdf, id=3223, 174.6525pt x 49.18375
pt>
File: Pictures//RFeynmanRenorm1-eps-converted-to.pdf Graphic file (type pdf)
<use Pictures//RFeynmanRenorm1-eps-converted-to.pdf>
Package pdftex.def Info: Pictures//RFeynmanRenorm1-eps-converted-to.pdf  used o
n input line 325.
(pdftex.def)             Requested size: 43.66301pt x 12.2959pt.
Package epstopdf Info: Source file: <Pictures//RFeynmanRenorm2.eps>
(epstopdf)                    date: 2022-11-10 12:14:56
(epstopdf)                    size: 3087 bytes
(epstopdf)             Output file: <Pictures//RFeynmanRenorm2-eps-converted-to
.pdf>
(epstopdf)                    date: 2022-11-10 12:18:52
(epstopdf)                    size: 2802 bytes
(epstopdf)             Command: <repstopdf --outfile=Pictures//RFeynmanRenorm2-
eps-converted-to.pdf Pictures//RFeynmanRenorm2.eps>
(epstopdf)             \includegraphics on input line 331.
Package epstopdf Info: Output file is already uptodate.
<Pictures//RFeynmanRenorm2-eps-converted-to.pdf, id=3224, 124.465pt x 124.465pt
>
File: Pictures//RFeynmanRenorm2-eps-converted-to.pdf Graphic file (type pdf)
<use Pictures//RFeynmanRenorm2-eps-converted-to.pdf>
Package pdftex.def Info: Pictures//RFeynmanRenorm2-eps-converted-to.pdf  used o
n input line 331.
(pdftex.def)             Requested size: 31.11617pt x 31.11617pt.
Package epstopdf Info: Source file: <Pictures//RFeynmanRenorm3.eps>
(epstopdf)                    date: 2022-11-10 12:14:56
(epstopdf)                    size: 3129 bytes
(epstopdf)             Output file: <Pictures//RFeynmanRenorm3-eps-converted-to
.pdf>
(epstopdf)                    date: 2022-11-10 12:18:52
(epstopdf)                    size: 2809 bytes
(epstopdf)             Command: <repstopdf --outfile=Pictures//RFeynmanRenorm3-
eps-converted-to.pdf Pictures//RFeynmanRenorm3.eps>
(epstopdf)             \includegraphics on input line 337.
Package epstopdf Info: Output file is already uptodate.
<Pictures//RFeynmanRenorm3-eps-converted-to.pdf, id=3225, 174.6525pt x 36.135pt
>
File: Pictures//RFeynmanRenorm3-eps-converted-to.pdf Graphic file (type pdf)
<use Pictures//RFeynmanRenorm3-eps-converted-to.pdf>
Package pdftex.def Info: Pictures//RFeynmanRenorm3-eps-converted-to.pdf  used o
n input line 337.
(pdftex.def)             Requested size: 43.66301pt x 9.03372pt.
Package epstopdf Info: Source file: <Pictures//RFeynmanRenorm4.eps>
(epstopdf)                    date: 2022-11-10 12:14:56
(epstopdf)                    size: 3190 bytes
(epstopdf)             Output file: <Pictures//RFeynmanRenorm4-eps-converted-to
.pdf>
(epstopdf)                    date: 2022-11-10 12:18:52
(epstopdf)                    size: 2822 bytes
(epstopdf)             Command: <repstopdf --outfile=Pictures//RFeynmanRenorm4-
eps-converted-to.pdf Pictures//RFeynmanRenorm4.eps>
(epstopdf)             \includegraphics on input line 343.
Package epstopdf Info: Output file is already uptodate.
<Pictures//RFeynmanRenorm4-eps-converted-to.pdf, id=3226, 124.465pt x 124.465pt
>
File: Pictures//RFeynmanRenorm4-eps-converted-to.pdf Graphic file (type pdf)
<use Pictures//RFeynmanRenorm4-eps-converted-to.pdf>
Package pdftex.def Info: Pictures//RFeynmanRenorm4-eps-converted-to.pdf  used o
n input line 343.
(pdftex.def)             Requested size: 31.11617pt x 31.11617pt.
LaTeX Info: Redefining \. on input line 350.
LaTeX Info: Redefining \% on input line 350.
 [224]
Package mdframed Info: mdframed works in twoside mode on input line 354.
Package mdframed Info: mdframed detected package amsthm 
 changed the theorem header of amsthm
(mdframed)              on input line 354.
LaTeX Info: Redefining \. on input line 388.
LaTeX Info: Redefining \% on input line 388.
 [225 <./Pictures//RFeynmanRenorm1-eps-converted-to.pdf> <./Pictures//RFeynmanR
enorm2-eps-converted-to.pdf> <./Pictures//RFeynmanRenorm3-eps-converted-to.pdf>
 <./Pictures//RFeynmanRenorm4-eps-converted-to.pdf>]
Underfull \hbox (badness 10000) in paragraph at lines 392--393

 []

Package epstopdf Info: Source file: <Pictures//renorm_1linea.eps>
(epstopdf)                    date: 2022-11-10 12:14:56
(epstopdf)                    size: 13121 bytes
(epstopdf)             Output file: <Pictures//renorm_1linea-eps-converted-to.p
df>
(epstopdf)                    date: 2022-11-10 12:18:52
(epstopdf)                    size: 6056 bytes
(epstopdf)             Command: <repstopdf --outfile=Pictures//renorm_1linea-ep
s-converted-to.pdf Pictures//renorm_1linea.eps>
(epstopdf)             \includegraphics on input line 401.
Package epstopdf Info: Output file is already uptodate.
<Pictures//renorm_1linea-eps-converted-to.pdf, id=3255, 174.6525pt x 71.26625pt
>
File: Pictures//renorm_1linea-eps-converted-to.pdf Graphic file (type pdf)
<use Pictures//renorm_1linea-eps-converted-to.pdf>
Package pdftex.def Info: Pictures//renorm_1linea-eps-converted-to.pdf  used on 
input line 401.
(pdftex.def)             Requested size: 87.32603pt x 35.63303pt.
Package epstopdf Info: Source file: <Pictures//renorm_4lineas.eps>
(epstopdf)                    date: 2022-11-10 12:14:56
(epstopdf)                    size: 24134 bytes
(epstopdf)             Output file: <Pictures//renorm_4lineas-eps-converted-to.
pdf>
(epstopdf)                    date: 2022-11-10 12:18:54
(epstopdf)                    size: 10073 bytes
(epstopdf)             Command: <repstopdf --outfile=Pictures//renorm_4lineas-e
ps-converted-to.pdf Pictures//renorm_4lineas.eps>
(epstopdf)             \includegraphics on input line 411.
Package epstopdf Info: Output file is already uptodate.
<Pictures//renorm_4lineas-eps-converted-to.pdf, id=3256, 155.58125pt x 116.435p
t>
File: Pictures//renorm_4lineas-eps-converted-to.pdf Graphic file (type pdf)
<use Pictures//renorm_4lineas-eps-converted-to.pdf>
Package pdftex.def Info: Pictures//renorm_4lineas-eps-converted-to.pdf  used on
 input line 411.
(pdftex.def)             Requested size: 77.79042pt x 58.21735pt.

Overfull \hbox (24.00002pt too wide) in paragraph at lines 398--419
 [] 
 []

LaTeX Info: Redefining \. on input line 457.
LaTeX Info: Redefining \% on input line 457.
[226 <./Pictures//renorm_1linea-eps-converted-to.pdf> <./Pictures//renorm_4line
as-eps-converted-to.pdf>]
Package epstopdf Info: Source file: <Pictures//renorm_2a2_1loop.eps>
(epstopdf)                    date: 2022-11-10 12:14:56
(epstopdf)                    size: 25594 bytes
(epstopdf)             Output file: <Pictures//renorm_2a2_1loop-eps-converted-t
o.pdf>
(epstopdf)                    date: 2022-11-10 12:18:54
(epstopdf)                    size: 10455 bytes
(epstopdf)             Command: <repstopdf --outfile=Pictures//renorm_2a2_1loop
-eps-converted-to.pdf Pictures//renorm_2a2_1loop.eps>
(epstopdf)             \includegraphics on input line 460.
Package epstopdf Info: Output file is already uptodate.
<Pictures//renorm_2a2_1loop-eps-converted-to.pdf, id=3275, 191.71625pt x 140.52
5pt>
File: Pictures//renorm_2a2_1loop-eps-converted-to.pdf Graphic file (type pdf)
<use Pictures//renorm_2a2_1loop-eps-converted-to.pdf>
Package pdftex.def Info: Pictures//renorm_2a2_1loop-eps-converted-to.pdf  used 
on input line 460.
(pdftex.def)             Requested size: 47.92894pt x 35.13115pt.
Package epstopdf Info: Source file: <Pictures//renorm_X.eps>
(epstopdf)                    date: 2022-11-10 12:14:56
(epstopdf)                    size: 2593 bytes
(epstopdf)             Output file: <Pictures//renorm_X-eps-converted-to.pdf>
(epstopdf)                    date: 2022-11-10 12:18:54
(epstopdf)                    size: 2697 bytes
(epstopdf)             Command: <repstopdf --outfile=Pictures//renorm_X-eps-con
verted-to.pdf Pictures//renorm_X.eps>
(epstopdf)             \includegraphics on input line 465.
Package epstopdf Info: Output file is already uptodate.
<Pictures//renorm_X-eps-converted-to.pdf, id=3276, 62.2325pt x 62.2325pt>
File: Pictures//renorm_X-eps-converted-to.pdf Graphic file (type pdf)
<use Pictures//renorm_X-eps-converted-to.pdf>
Package pdftex.def Info: Pictures//renorm_X-eps-converted-to.pdf  used on input
 line 465.
(pdftex.def)             Requested size: 15.55807pt x 15.55807pt.
Package epstopdf Info: Source file: <Pictures//renorm_xox.eps>
(epstopdf)                    date: 2022-11-10 12:14:56
(epstopdf)                    size: 3196 bytes
(epstopdf)             Output file: <Pictures//renorm_xox-eps-converted-to.pdf>

(epstopdf)                    date: 2022-11-10 12:18:54
(epstopdf)                    size: 2850 bytes
(epstopdf)             Command: <repstopdf --outfile=Pictures//renorm_xox-eps-c
onverted-to.pdf Pictures//renorm_xox.eps>
(epstopdf)             \includegraphics on input line 468.
Package epstopdf Info: Output file is already uptodate.
<Pictures//renorm_xox-eps-converted-to.pdf, id=3277, 77.28876pt x 92.345pt>
File: Pictures//renorm_xox-eps-converted-to.pdf Graphic file (type pdf)
<use Pictures//renorm_xox-eps-converted-to.pdf>
Package pdftex.def Info: Pictures//renorm_xox-eps-converted-to.pdf  used on inp
ut line 468.
(pdftex.def)             Requested size: 19.32213pt x 23.08618pt.
Package epstopdf Info: Source file: <Pictures//renorm_oxx.eps>
(epstopdf)                    date: 2022-11-10 12:14:56
(epstopdf)                    size: 3211 bytes
(epstopdf)             Output file: <Pictures//renorm_oxx-eps-converted-to.pdf>

(epstopdf)                    date: 2022-11-10 12:14:56
(epstopdf)                    size: 2857 bytes
(epstopdf)             Command: <repstopdf --outfile=Pictures//renorm_oxx-eps-c
onverted-to.pdf Pictures//renorm_oxx.eps>
(epstopdf)             \includegraphics on input line 471.
Package epstopdf Info: Output file is already uptodate.
<Pictures//renorm_oxx-eps-converted-to.pdf, id=3278, 92.345pt x 77.28876pt>
File: Pictures//renorm_oxx-eps-converted-to.pdf Graphic file (type pdf)
<use Pictures//renorm_oxx-eps-converted-to.pdf>
Package pdftex.def Info: Pictures//renorm_oxx-eps-converted-to.pdf  used on inp
ut line 471.
(pdftex.def)             Requested size: 23.08618pt x 19.32213pt.
Package epstopdf Info: Source file: <Pictures//renorm_oxx_cruzado.eps>
(epstopdf)                    date: 2022-11-10 12:14:56
(epstopdf)                    size: 3269 bytes
(epstopdf)             Output file: <Pictures//renorm_oxx_cruzado-eps-converted
-to.pdf>
(epstopdf)                    date: 2022-11-10 12:18:54
(epstopdf)                    size: 2878 bytes
(epstopdf)             Command: <repstopdf --outfile=Pictures//renorm_oxx_cruza
do-eps-converted-to.pdf Pictures//renorm_oxx_cruzado.eps>
(epstopdf)             \includegraphics on input line 474.
Package epstopdf Info: Output file is already uptodate.
<Pictures//renorm_oxx_cruzado-eps-converted-to.pdf, id=3279, 111.41624pt x 93.3
4875pt>
File: Pictures//renorm_oxx_cruzado-eps-converted-to.pdf Graphic file (type pdf)

<use Pictures//renorm_oxx_cruzado-eps-converted-to.pdf>
Package pdftex.def Info: Pictures//renorm_oxx_cruzado-eps-converted-to.pdf  use
d on input line 474.
(pdftex.def)             Requested size: 27.85399pt x 23.33713pt.
Package epstopdf Info: Source file: <Pictures//renorm_loop1.eps>
(epstopdf)                    date: 2022-11-10 12:14:56
(epstopdf)                    size: 25223 bytes
(epstopdf)             Output file: <Pictures//renorm_loop1-eps-converted-to.pd
f>
(epstopdf)                    date: 2022-11-10 12:18:54
(epstopdf)                    size: 10638 bytes
(epstopdf)             Command: <repstopdf --outfile=Pictures//renorm_loop1-eps
-converted-to.pdf Pictures//renorm_loop1.eps>
(epstopdf)             \includegraphics on input line 484.
Package epstopdf Info: Output file is already uptodate.
<Pictures//renorm_loop1-eps-converted-to.pdf, id=3280, 177.66376pt x 169.63374p
t>
File: Pictures//renorm_loop1-eps-converted-to.pdf Graphic file (type pdf)
<use Pictures//renorm_loop1-eps-converted-to.pdf>
Package pdftex.def Info: Pictures//renorm_loop1-eps-converted-to.pdf  used on i
nput line 484.
(pdftex.def)             Requested size: 62.18324pt x 59.3727pt.
Package epstopdf Info: Source file: <Pictures//renorm_loop2.eps>
(epstopdf)                    date: 2022-11-10 12:14:56
(epstopdf)                    size: 16309 bytes
(epstopdf)             Output file: <Pictures//renorm_loop2-eps-converted-to.pd
f>
(epstopdf)                    date: 2022-11-10 12:18:56
(epstopdf)                    size: 7590 bytes
(epstopdf)             Command: <repstopdf --outfile=Pictures//renorm_loop2-eps
-converted-to.pdf Pictures//renorm_loop2.eps>
(epstopdf)             \includegraphics on input line 498.
Package epstopdf Info: Output file is already uptodate.
<Pictures//renorm_loop2-eps-converted-to.pdf, id=3281, 200.75pt x 136.51pt>
File: Pictures//renorm_loop2-eps-converted-to.pdf Graphic file (type pdf)
<use Pictures//renorm_loop2-eps-converted-to.pdf>
Package pdftex.def Info: Pictures//renorm_loop2-eps-converted-to.pdf  used on i
nput line 498.
(pdftex.def)             Requested size: 70.26353pt x 47.7792pt.
Package epstopdf Info: Source file: <Pictures//renorm_loop2_rot.eps>
(epstopdf)                    date: 2022-11-10 12:14:56
(epstopdf)                    size: 16217 bytes
(epstopdf)             Output file: <Pictures//renorm_loop2_rot-eps-converted-t
o.pdf>
(epstopdf)                    date: 2022-11-10 12:18:56
(epstopdf)                    size: 7476 bytes
(epstopdf)             Command: <repstopdf --outfile=Pictures//renorm_loop2_rot
-eps-converted-to.pdf Pictures//renorm_loop2_rot.eps>
(epstopdf)             \includegraphics on input line 501.
Package epstopdf Info: Output file is already uptodate.
<Pictures//renorm_loop2_rot-eps-converted-to.pdf, id=3282, 159.59625pt x 173.64
874pt>
File: Pictures//renorm_loop2_rot-eps-converted-to.pdf Graphic file (type pdf)
<use Pictures//renorm_loop2_rot-eps-converted-to.pdf>
Package pdftex.def Info: Pictures//renorm_loop2_rot-eps-converted-to.pdf  used 
on input line 501.
(pdftex.def)             Requested size: 55.85951pt x 60.77797pt.
LaTeX Info: Redefining \. on input line 523.
LaTeX Info: Redefining \% on input line 523.
 [227 <./Pictures//renorm_2a2_1loop-eps-converted-to.pdf> <./Pictures//renorm_X
-eps-converted-to.pdf> <./Pictures//renorm_xox-eps-converted-to.pdf> <./Picture
s//renorm_oxx-eps-converted-to.pdf> <./Pictures//renorm_oxx_cruzado-eps-convert
ed-to.pdf> <./Pictures//renorm_loop1-eps-converted-to.pdf> <./Pictures//renorm_
loop2-eps-converted-to.pdf> <./Pictures//renorm_loop2_rot-eps-converted-to.pdf>
]
Package mdframed Info: mdframed works in twoside mode on input line 524.
Package mdframed Info: mdframed detected package amsthm 
 changed the theorem header of amsthm
(mdframed)              on input line 524.
LaTeX Info: Redefining \. on input line 580.
LaTeX Info: Redefining \% on input line 580.
 [228]
LaTeX Info: Redefining \. on input line 656.
LaTeX Info: Redefining \% on input line 656.
 [229]
Package epstopdf Info: Source file: <Pictures//renorm_complejo.eps>
(epstopdf)                    date: 2022-11-10 12:14:56
(epstopdf)                    size: 14639 bytes
(epstopdf)             Output file: <Pictures//renorm_complejo-eps-converted-to
.pdf>
(epstopdf)                    date: 2022-11-10 12:18:56
(epstopdf)                    size: 6566 bytes
(epstopdf)             Command: <repstopdf --outfile=Pictures//renorm_complejo-
eps-converted-to.pdf Pictures//renorm_complejo.eps>
(epstopdf)             \includegraphics on input line 688.
Package epstopdf Info: Output file is already uptodate.
<Pictures//renorm_complejo-eps-converted-to.pdf, id=3336, 383.4325pt x 383.4325
pt>
File: Pictures//renorm_complejo-eps-converted-to.pdf Graphic file (type pdf)
<use Pictures//renorm_complejo-eps-converted-to.pdf>
Package pdftex.def Info: Pictures//renorm_complejo-eps-converted-to.pdf  used o
n input line 688.
(pdftex.def)             Requested size: 115.03062pt x 115.03062pt.
LaTeX Info: Redefining \. on input line 705.
LaTeX Info: Redefining \% on input line 705.
 [230 <./Pictures//renorm_complejo-eps-converted-to.pdf>]
Underfull \hbox (badness 10000) in paragraph at lines 742--743

 []

LaTeX Info: Redefining \. on input line 780.
LaTeX Info: Redefining \% on input line 780.
[231]

LaTeX Warning: `!h' float specifier changed to `!ht'.

LaTeX Info: Redefining \. on input line 861.
LaTeX Info: Redefining \% on input line 861.
[232]
LaTeX Info: Redefining \. on input line 912.
LaTeX Info: Redefining \% on input line 912.
 [233pdfTeX warning (ext4): destination with the same identifier (name{equation
.14.2.66}) has been already used, duplicate ignored
<argument> ...shipout:D \box_use:N \l_shipout_box 
                                                  \__shipout_drop_firstpage_...
l.912 \end{IEEEeqnarray*}
                         ]
LaTeX Info: Redefining \. on input line 973.
LaTeX Info: Redefining \% on input line 973.
 [234]
Package epstopdf Info: Source file: <Pictures//autoenergia.eps>
(epstopdf)                    date: 2022-11-10 12:14:56
(epstopdf)                    size: 13121 bytes
(epstopdf)             Output file: <Pictures//autoenergia-eps-converted-to.pdf
>
(epstopdf)                    date: 2022-11-10 12:18:56
(epstopdf)                    size: 6056 bytes
(epstopdf)             Command: <repstopdf --outfile=Pictures//autoenergia-eps-
converted-to.pdf Pictures//autoenergia.eps>
(epstopdf)             \includegraphics on input line 1028.
Package epstopdf Info: Output file is already uptodate.
<Pictures//autoenergia-eps-converted-to.pdf, id=3412, 174.6525pt x 71.26625pt>
File: Pictures//autoenergia-eps-converted-to.pdf Graphic file (type pdf)
<use Pictures//autoenergia-eps-converted-to.pdf>
Package pdftex.def Info: Pictures//autoenergia-eps-converted-to.pdf  used on in
put line 1028.
(pdftex.def)             Requested size: 43.66301pt x 17.81651pt.
Package epstopdf Info: Source file: <Pictures//autoenergia_prop.eps>
(epstopdf)                    date: 2022-11-10 12:14:56
(epstopdf)                    size: 2773 bytes
(epstopdf)             Output file: <Pictures//autoenergia_prop-eps-converted-t
o.pdf>
(epstopdf)                    date: 2022-11-10 12:18:56
(epstopdf)                    size: 2765 bytes
(epstopdf)             Command: <repstopdf --outfile=Pictures//autoenergia_prop
-eps-converted-to.pdf Pictures//autoenergia_prop.eps>
(epstopdf)             \includegraphics on input line 1031.
Package epstopdf Info: Output file is already uptodate.
<Pictures//autoenergia_prop-eps-converted-to.pdf, id=3413, 174.6525pt x 71.2662
5pt>
File: Pictures//autoenergia_prop-eps-converted-to.pdf Graphic file (type pdf)
<use Pictures//autoenergia_prop-eps-converted-to.pdf>
Package pdftex.def Info: Pictures//autoenergia_prop-eps-converted-to.pdf  used 
on input line 1031.
(pdftex.def)             Requested size: 43.66301pt x 17.81651pt.
Package epstopdf Info: Source file: <Pictures//autoenergia_1PI.eps>
(epstopdf)                    date: 2022-11-10 12:14:56
(epstopdf)                    size: 5539 bytes
(epstopdf)             Output file: <Pictures//autoenergia_1PI-eps-converted-to
.pdf>
(epstopdf)                    date: 2022-11-10 12:18:58
(epstopdf)                    size: 3680 bytes
(epstopdf)             Command: <repstopdf --outfile=Pictures//autoenergia_1PI-
eps-converted-to.pdf Pictures//autoenergia_1PI.eps>
(epstopdf)             \includegraphics on input line 1034.
Package epstopdf Info: Output file is already uptodate.
<Pictures//autoenergia_1PI-eps-converted-to.pdf, id=3414, 174.6525pt x 71.26625
pt>
File: Pictures//autoenergia_1PI-eps-converted-to.pdf Graphic file (type pdf)
<use Pictures//autoenergia_1PI-eps-converted-to.pdf>
Package pdftex.def Info: Pictures//autoenergia_1PI-eps-converted-to.pdf  used o
n input line 1034.
(pdftex.def)             Requested size: 43.66301pt x 17.81651pt.
Package epstopdf Info: Source file: <Pictures//autoenergia_1PI2.eps>
(epstopdf)                    date: 2022-11-10 12:14:56
(epstopdf)                    size: 8686 bytes
(epstopdf)             Output file: <Pictures//autoenergia_1PI2-eps-converted-t
o.pdf>
(epstopdf)                    date: 2022-11-10 12:18:58
(epstopdf)                    size: 4571 bytes
(epstopdf)             Command: <repstopdf --outfile=Pictures//autoenergia_1PI2
-eps-converted-to.pdf Pictures//autoenergia_1PI2.eps>
(epstopdf)             \includegraphics on input line 1037.
Package epstopdf Info: Output file is already uptodate.
<Pictures//autoenergia_1PI2-eps-converted-to.pdf, id=3415, 296.10625pt x 71.266
25pt>
File: Pictures//autoenergia_1PI2-eps-converted-to.pdf Graphic file (type pdf)
<use Pictures//autoenergia_1PI2-eps-converted-to.pdf>
Package pdftex.def Info: Pictures//autoenergia_1PI2-eps-converted-to.pdf  used 
on input line 1037.
(pdftex.def)             Requested size: 74.02637pt x 17.81651pt.
Package epstopdf Info: Source file: <Pictures//autoenergia_1PI3.eps>
(epstopdf)                    date: 2022-11-10 12:14:56
(epstopdf)                    size: 11801 bytes
(epstopdf)             Output file: <Pictures//autoenergia_1PI3-eps-converted-t
o.pdf>
(epstopdf)                    date: 2022-11-10 12:18:58
(epstopdf)                    size: 5418 bytes
(epstopdf)             Command: <repstopdf --outfile=Pictures//autoenergia_1PI3
-eps-converted-to.pdf Pictures//autoenergia_1PI3.eps>
(epstopdf)             \includegraphics on input line 1042.
Package epstopdf Info: Output file is already uptodate.
<Pictures//autoenergia_1PI3-eps-converted-to.pdf, id=3416, 417.56pt x 71.26625p
t>
File: Pictures//autoenergia_1PI3-eps-converted-to.pdf Graphic file (type pdf)
<use Pictures//autoenergia_1PI3-eps-converted-to.pdf>
Package pdftex.def Info: Pictures//autoenergia_1PI3-eps-converted-to.pdf  used 
on input line 1042.
(pdftex.def)             Requested size: 104.38974pt x 17.81651pt.
Package epstopdf Info: Source file: <Pictures//autoenergia.eps>
(epstopdf)                    date: 2022-11-10 12:14:56
(epstopdf)                    size: 13121 bytes
(epstopdf)             Output file: <Pictures//autoenergia-eps-converted-to.pdf
>
(epstopdf)                    date: 2022-11-10 12:18:56
(epstopdf)                    size: 6056 bytes
(epstopdf)             Command: <repstopdf --outfile=Pictures//autoenergia-eps-
converted-to.pdf Pictures//autoenergia.eps>
(epstopdf)             \includegraphics on input line 1058.
Package epstopdf Info: Output file is already uptodate.
File: Pictures//autoenergia-eps-converted-to.pdf Graphic file (type pdf)
<use Pictures//autoenergia-eps-converted-to.pdf>
Package pdftex.def Info: Pictures//autoenergia-eps-converted-to.pdf  used on in
put line 1058.
(pdftex.def)             Requested size: 43.66301pt x 17.81651pt.
LaTeX Info: Redefining \. on input line 1064.
LaTeX Info: Redefining \% on input line 1064.
 [235pdfTeX warning (ext4): destination with the same identifier (name{equation
.14.2.75}) has been already used, duplicate ignored
<argument> ...shipout:D \box_use:N \l_shipout_box 
                                                  \__shipout_drop_firstpage_...
l.1064 \end{IEEEeqnarray*}
                           <./Pictures//autoenergia-eps-converted-to.pdf> <./Pi
ctures//autoenergia_prop-eps-converted-to.pdf> <./Pictures//autoenergia_1PI-eps
-converted-to.pdf> <./Pictures//autoenergia_1PI2-eps-converted-to.pdf> <./Pictu
res//autoenergia_1PI3-eps-converted-to.pdf>]
LaTeX Info: Redefining \. on input line 1113.
LaTeX Info: Redefining \% on input line 1113.
 [236]
Package epstopdf Info: Source file: <Pictures//loop_amputado.eps>
(epstopdf)                    date: 2022-11-10 12:14:56
(epstopdf)                    size: 2811 bytes
(epstopdf)             Output file: <Pictures//loop_amputado-eps-converted-to.p
df>
(epstopdf)                    date: 2022-11-10 12:18:58
(epstopdf)                    size: 2811 bytes
(epstopdf)             Command: <repstopdf --outfile=Pictures//loop_amputado-ep
s-converted-to.pdf Pictures//loop_amputado.eps>
(epstopdf)             \includegraphics on input line 1117.
Package epstopdf Info: Output file is already uptodate.
<Pictures//loop_amputado-eps-converted-to.pdf, id=3451, 127.47626pt x 71.26625p
t>
File: Pictures//loop_amputado-eps-converted-to.pdf Graphic file (type pdf)
<use Pictures//loop_amputado-eps-converted-to.pdf>
Package pdftex.def Info: Pictures//loop_amputado-eps-converted-to.pdf  used on 
input line 1117.
(pdftex.def)             Requested size: 31.86897pt x 17.81651pt.
Package epstopdf Info: Source file: <Pictures//contratermino_amputado.eps>
(epstopdf)                    date: 2022-11-10 12:14:56
(epstopdf)                    size: 2831 bytes
(epstopdf)             Output file: <Pictures//contratermino_amputado-eps-conve
rted-to.pdf>
(epstopdf)                    date: 2022-11-10 12:18:58
(epstopdf)                    size: 2782 bytes
(epstopdf)             Command: <repstopdf --outfile=Pictures//contratermino_am
putado-eps-converted-to.pdf Pictures//contratermino_amputado.eps>
(epstopdf)             \includegraphics on input line 1121.
Package epstopdf Info: Output file is already uptodate.
<Pictures//contratermino_amputado-eps-converted-to.pdf, id=3452, 54.2025pt x 54
.2025pt>
File: Pictures//contratermino_amputado-eps-converted-to.pdf Graphic file (type 
pdf)
<use Pictures//contratermino_amputado-eps-converted-to.pdf>
Package pdftex.def Info: Pictures//contratermino_amputado-eps-converted-to.pdf 
 used on input line 1121.
(pdftex.def)             Requested size: 13.55058pt x 13.55058pt.
Package epstopdf Info: Source file: <Pictures//loop_amputado.eps>
(epstopdf)                    date: 2022-11-10 12:14:56
(epstopdf)                    size: 2811 bytes
(epstopdf)             Output file: <Pictures//loop_amputado-eps-converted-to.p
df>
(epstopdf)                    date: 2022-11-10 12:18:58
(epstopdf)                    size: 2811 bytes
(epstopdf)             Command: <repstopdf --outfile=Pictures//loop_amputado-ep
s-converted-to.pdf Pictures//loop_amputado.eps>
(epstopdf)             \includegraphics on input line 1149.
Package epstopdf Info: Output file is already uptodate.
File: Pictures//loop_amputado-eps-converted-to.pdf Graphic file (type pdf)
<use Pictures//loop_amputado-eps-converted-to.pdf>
Package pdftex.def Info: Pictures//loop_amputado-eps-converted-to.pdf  used on 
input line 1149.
(pdftex.def)             Requested size: 31.86897pt x 17.81651pt.
Package epstopdf Info: Source file: <Pictures//contratermino_amputado.eps>
(epstopdf)                    date: 2022-11-10 12:14:56
(epstopdf)                    size: 2831 bytes
(epstopdf)             Output file: <Pictures//contratermino_amputado-eps-conve
rted-to.pdf>
(epstopdf)                    date: 2022-11-10 12:18:58
(epstopdf)                    size: 2782 bytes
(epstopdf)             Command: <repstopdf --outfile=Pictures//contratermino_am
putado-eps-converted-to.pdf Pictures//contratermino_amputado.eps>
(epstopdf)             \includegraphics on input line 1153.
Package epstopdf Info: Output file is already uptodate.
File: Pictures//contratermino_amputado-eps-converted-to.pdf Graphic file (type 
pdf)
<use Pictures//contratermino_amputado-eps-converted-to.pdf>
Package pdftex.def Info: Pictures//contratermino_amputado-eps-converted-to.pdf 
 used on input line 1153.
(pdftex.def)             Requested size: 13.55058pt x 13.55058pt.
)
(./Capitulos/Temas_selectos/noPerturbativa.tex
LaTeX Info: Redefining \. on input line 1.
LaTeX Info: Redefining \% on input line 1.
 [237pdfTeX warning (ext4): destination with the same identifier (name{equation
.14.2.85}) has been already used, duplicate ignored
<argument> ...shipout:D \box_use:N \l_shipout_box 
                                                  \__shipout_drop_firstpage_...
l.1 \chapter
            {TeorÃ­a cuÃ¡ntica de campos no-perturbativa} <./Pictures//loop_amp
utado-eps-converted-to.pdf> <./Pictures//contratermino_amputado-eps-converted-t
o.pdf>] [238

]
Cap\'{\i }tulo 15.
File: Pictures//chapterHeaders/particles1.png Graphic file (type png)
<use Pictures//chapterHeaders/particles1.png>
Package pdftex.def Info: Pictures//chapterHeaders/particles1.png  used on input
 line 1.
(pdftex.def)             Requested size: 597.50787pt x 298.49222pt.
Package epstopdf Info: Source file: <Pictures//noPert_propagador.eps>
(epstopdf)                    date: 2022-11-10 12:14:56
(epstopdf)                    size: 2539 bytes
(epstopdf)             Output file: <Pictures//noPert_propagador-eps-converted-
to.pdf>
(epstopdf)                    date: 2022-11-10 12:19:00
(epstopdf)                    size: 2680 bytes
(epstopdf)             Command: <repstopdf --outfile=Pictures//noPert_propagado
r-eps-converted-to.pdf Pictures//noPert_propagador.eps>
(epstopdf)             \includegraphics on input line 31.
Package epstopdf Info: Output file is already uptodate.
<Pictures//noPert_propagador-eps-converted-to.pdf, id=3476, 127.47626pt x 3.011
25pt>
File: Pictures//noPert_propagador-eps-converted-to.pdf Graphic file (type pdf)
<use Pictures//noPert_propagador-eps-converted-to.pdf>
Package pdftex.def Info: Pictures//noPert_propagador-eps-converted-to.pdf  used
 on input line 31.
(pdftex.def)             Requested size: 31.86897pt x 0.7528pt.
Package epstopdf Info: Source file: <Pictures//autoenergiaV4.eps>
(epstopdf)                    date: 2022-11-10 12:14:56
(epstopdf)                    size: 2993 bytes
(epstopdf)             Output file: <Pictures//autoenergiaV4-eps-converted-to.p
df>
(epstopdf)                    date: 2022-11-10 12:19:00
(epstopdf)                    size: 2871 bytes
(epstopdf)             Command: <repstopdf --outfile=Pictures//autoenergiaV4-ep
s-converted-to.pdf Pictures//autoenergiaV4.eps>
(epstopdf)             \includegraphics on input line 36.
Package epstopdf Info: Output file is already uptodate.
<Pictures//autoenergiaV4-eps-converted-to.pdf, id=3477, 127.47626pt x 74.2775pt
>
File: Pictures//autoenergiaV4-eps-converted-to.pdf Graphic file (type pdf)
<use Pictures//autoenergiaV4-eps-converted-to.pdf>
Package pdftex.def Info: Pictures//autoenergiaV4-eps-converted-to.pdf  used on 
input line 36.
(pdftex.def)             Requested size: 31.86897pt x 18.56932pt.
Package epstopdf Info: Source file: <Pictures//autoenergiaV3.eps>
(epstopdf)                    date: 2022-11-10 12:14:56
(epstopdf)                    size: 3534 bytes
(epstopdf)             Output file: <Pictures//autoenergiaV3-eps-converted-to.p
df>
(epstopdf)                    date: 2022-11-10 12:19:00
(epstopdf)                    size: 3077 bytes
(epstopdf)             Command: <repstopdf --outfile=Pictures//autoenergiaV3-ep
s-converted-to.pdf Pictures//autoenergiaV3.eps>
(epstopdf)             \includegraphics on input line 41.
Package epstopdf Info: Output file is already uptodate.
<Pictures//autoenergiaV3-eps-converted-to.pdf, id=3478, 127.47626pt x 59.22125p
t>
File: Pictures//autoenergiaV3-eps-converted-to.pdf Graphic file (type pdf)
<use Pictures//autoenergiaV3-eps-converted-to.pdf>
Package pdftex.def Info: Pictures//autoenergiaV3-eps-converted-to.pdf  used on 
input line 41.
(pdftex.def)             Requested size: 31.86897pt x 14.80527pt.
Package epstopdf Info: Source file: <Pictures//noPert_propagador.eps>
(epstopdf)                    date: 2022-11-10 12:14:56
(epstopdf)                    size: 2539 bytes
(epstopdf)             Output file: <Pictures//noPert_propagador-eps-converted-
to.pdf>
(epstopdf)                    date: 2022-11-10 12:19:00
(epstopdf)                    size: 2680 bytes
(epstopdf)             Command: <repstopdf --outfile=Pictures//noPert_propagado
r-eps-converted-to.pdf Pictures//noPert_propagador.eps>
(epstopdf)             \includegraphics on input line 56.
Package epstopdf Info: Output file is already uptodate.
File: Pictures//noPert_propagador-eps-converted-to.pdf Graphic file (type pdf)
<use Pictures//noPert_propagador-eps-converted-to.pdf>
Package pdftex.def Info: Pictures//noPert_propagador-eps-converted-to.pdf  used
 on input line 56.
(pdftex.def)             Requested size: 31.86897pt x 0.7528pt.
Package epstopdf Info: Source file: <Pictures//autoenergia_pata.eps>
(epstopdf)                    date: 2022-11-10 12:14:56
(epstopdf)                    size: 2540 bytes
(epstopdf)             Output file: <Pictures//autoenergia_pata-eps-converted-t
o.pdf>
(epstopdf)                    date: 2022-11-10 12:19:00
(epstopdf)                    size: 2687 bytes
(epstopdf)             Command: <repstopdf --outfile=Pictures//autoenergia_pata
-eps-converted-to.pdf Pictures//autoenergia_pata.eps>
(epstopdf)             \includegraphics on input line 61.
Package epstopdf Info: Output file is already uptodate.
<Pictures//autoenergia_pata-eps-converted-to.pdf, id=3479, 50.1875pt x 3.01125p
t>
File: Pictures//autoenergia_pata-eps-converted-to.pdf Graphic file (type pdf)
<use Pictures//autoenergia_pata-eps-converted-to.pdf>
Package pdftex.def Info: Pictures//autoenergia_pata-eps-converted-to.pdf  used 
on input line 61.
(pdftex.def)             Requested size: 12.54683pt x 0.7528pt.
Package epstopdf Info: Source file: <Pictures//autoenergiaV4_amputado.eps>
(epstopdf)                    date: 2022-11-10 12:14:56
(epstopdf)                    size: 3033 bytes
(epstopdf)             Output file: <Pictures//autoenergiaV4_amputado-eps-conve
rted-to.pdf>
(epstopdf)                    date: 2022-11-10 12:19:00
(epstopdf)                    size: 2891 bytes
(epstopdf)             Command: <repstopdf --outfile=Pictures//autoenergiaV4_am
putado-eps-converted-to.pdf Pictures//autoenergiaV4_amputado.eps>
(epstopdf)             \includegraphics on input line 73.
Package epstopdf Info: Output file is already uptodate.
<Pictures//autoenergiaV4_amputado-eps-converted-to.pdf, id=3480, 123.46124pt x 
74.2775pt>
File: Pictures//autoenergiaV4_amputado-eps-converted-to.pdf Graphic file (type 
pdf)
<use Pictures//autoenergiaV4_amputado-eps-converted-to.pdf>
Package pdftex.def Info: Pictures//autoenergiaV4_amputado-eps-converted-to.pdf 
 used on input line 73.
(pdftex.def)             Requested size: 30.86522pt x 18.56932pt.
Package epstopdf Info: Source file: <Pictures//autoenergiaV3_amputado.eps>
(epstopdf)                    date: 2022-11-10 12:14:56
(epstopdf)                    size: 3608 bytes
(epstopdf)             Output file: <Pictures//autoenergiaV3_amputado-eps-conve
rted-to.pdf>
(epstopdf)                    date: 2022-11-10 12:19:00
(epstopdf)                    size: 3111 bytes
(epstopdf)             Command: <repstopdf --outfile=Pictures//autoenergiaV3_am
putado-eps-converted-to.pdf Pictures//autoenergiaV3_amputado.eps>
(epstopdf)             \includegraphics on input line 73.
Package epstopdf Info: Output file is already uptodate.
<Pictures//autoenergiaV3_amputado-eps-converted-to.pdf, id=3481, 125.46875pt x 
58.2175pt>
File: Pictures//autoenergiaV3_amputado-eps-converted-to.pdf Graphic file (type 
pdf)
<use Pictures//autoenergiaV3_amputado-eps-converted-to.pdf>
Package pdftex.def Info: Pictures//autoenergiaV3_amputado-eps-converted-to.pdf 
 used on input line 73.
(pdftex.def)             Requested size: 31.3671pt x 14.55434pt.
Package epstopdf Info: Source file: <Pictures//autoenergia_pata.eps>
(epstopdf)                    date: 2022-11-10 12:14:56
(epstopdf)                    size: 2540 bytes
(epstopdf)             Output file: <Pictures//autoenergia_pata-eps-converted-t
o.pdf>
(epstopdf)                    date: 2022-11-10 12:19:00
(epstopdf)                    size: 2687 bytes
(epstopdf)             Command: <repstopdf --outfile=Pictures//autoenergia_pata
-eps-converted-to.pdf Pictures//autoenergia_pata.eps>
(epstopdf)             \includegraphics on input line 76.
Package epstopdf Info: Output file is already uptodate.
File: Pictures//autoenergia_pata-eps-converted-to.pdf Graphic file (type pdf)
<use Pictures//autoenergia_pata-eps-converted-to.pdf>
Package pdftex.def Info: Pictures//autoenergia_pata-eps-converted-to.pdf  used 
on input line 76.
(pdftex.def)             Requested size: 12.54683pt x 0.7528pt.
[239 <./Pictures//noPert_propagador-eps-converted-to.pdf> <./Pictures//autoener
giaV4-eps-converted-to.pdf> <./Pictures//autoenergiaV3-eps-converted-to.pdf>]
Package epstopdf Info: Source file: <Pictures//noPert_propQEDcompleto.eps>
(epstopdf)                    date: 2022-11-10 12:14:56
(epstopdf)                    size: 4029 bytes
(epstopdf)             Output file: <Pictures//noPert_propQEDcompleto-eps-conve
rted-to.pdf>
(epstopdf)                    date: 2022-11-10 12:19:02
(epstopdf)                    size: 4538 bytes
(epstopdf)             Command: <repstopdf --outfile=Pictures//noPert_propQEDco
mpleto-eps-converted-to.pdf Pictures//noPert_propQEDcompleto.eps>
(epstopdf)             \includegraphics on input line 91.
Package epstopdf Info: Output file is already uptodate.
<Pictures//noPert_propQEDcompleto-eps-converted-to.pdf, id=3495, 153.57375pt x 
56.21pt>
File: Pictures//noPert_propQEDcompleto-eps-converted-to.pdf Graphic file (type 
pdf)
<use Pictures//noPert_propQEDcompleto-eps-converted-to.pdf>
Package pdftex.def Info: Pictures//noPert_propQEDcompleto-eps-converted-to.pdf 
 used on input line 91.
(pdftex.def)             Requested size: 38.39334pt x 14.05246pt.
Package epstopdf Info: Source file: <Pictures//noPert_propQEDlibre.eps>
(epstopdf)                    date: 2022-11-10 12:14:56
(epstopdf)                    size: 2541 bytes
(epstopdf)             Output file: <Pictures//noPert_propQEDlibre-eps-converte
d-to.pdf>
(epstopdf)                    date: 2022-11-10 12:19:02
(epstopdf)                    size: 2680 bytes
(epstopdf)             Command: <repstopdf --outfile=Pictures//noPert_propQEDli
bre-eps-converted-to.pdf Pictures//noPert_propQEDlibre.eps>
(epstopdf)             \includegraphics on input line 96.
Package epstopdf Info: Output file is already uptodate.
<Pictures//noPert_propQEDlibre-eps-converted-to.pdf, id=3496, 153.57375pt x 3.0
1125pt>
File: Pictures//noPert_propQEDlibre-eps-converted-to.pdf Graphic file (type pdf
)
<use Pictures//noPert_propQEDlibre-eps-converted-to.pdf>
Package pdftex.def Info: Pictures//noPert_propQEDlibre-eps-converted-to.pdf  us
ed on input line 96.
(pdftex.def)             Requested size: 38.39334pt x 0.7528pt.
Package epstopdf Info: Source file: <Pictures//noPert_propQED1.eps>
(epstopdf)                    date: 2022-11-10 12:14:56
(epstopdf)                    size: 12311 bytes
(epstopdf)             Output file: <Pictures//noPert_propQED1-eps-converted-to
.pdf>
(epstopdf)                    date: 2022-11-10 12:19:02
(epstopdf)                    size: 12102 bytes
(epstopdf)             Command: <repstopdf --outfile=Pictures//noPert_propQED1-
eps-converted-to.pdf Pictures//noPert_propQED1.eps>
(epstopdf)             \includegraphics on input line 101.
Package epstopdf Info: Output file is already uptodate.
<Pictures//noPert_propQED1-eps-converted-to.pdf, id=3497, 153.57375pt x 56.21pt
>
File: Pictures//noPert_propQED1-eps-converted-to.pdf Graphic file (type pdf)
<use Pictures//noPert_propQED1-eps-converted-to.pdf>
Package pdftex.def Info: Pictures//noPert_propQED1-eps-converted-to.pdf  used o
n input line 101.
(pdftex.def)             Requested size: 38.39334pt x 14.05246pt.
Package epstopdf Info: Source file: <Pictures//noPert_propQED2.eps>
(epstopdf)                    date: 2022-11-10 12:14:56
(epstopdf)                    size: 21328 bytes
(epstopdf)             Output file: <Pictures//noPert_propQED2-eps-converted-to
.pdf>
(epstopdf)                    date: 2022-11-10 12:19:02
(epstopdf)                    size: 20328 bytes
(epstopdf)             Command: <repstopdf --outfile=Pictures//noPert_propQED2-
eps-converted-to.pdf Pictures//noPert_propQED2.eps>
(epstopdf)             \includegraphics on input line 106.
Package epstopdf Info: Output file is already uptodate.
<Pictures//noPert_propQED2-eps-converted-to.pdf, id=3498, 307.1475pt x 55.20625
pt>
File: Pictures//noPert_propQED2-eps-converted-to.pdf Graphic file (type pdf)
<use Pictures//noPert_propQED2-eps-converted-to.pdf>
Package pdftex.def Info: Pictures//noPert_propQED2-eps-converted-to.pdf  used o
n input line 106.
(pdftex.def)             Requested size: 76.78668pt x 13.80151pt.
Package epstopdf Info: Source file: <Pictures//noPert_propQEDcompleto.eps>
(epstopdf)                    date: 2022-11-10 12:14:56
(epstopdf)                    size: 4029 bytes
(epstopdf)             Output file: <Pictures//noPert_propQEDcompleto-eps-conve
rted-to.pdf>
(epstopdf)                    date: 2022-11-10 12:19:02
(epstopdf)                    size: 4538 bytes
(epstopdf)             Command: <repstopdf --outfile=Pictures//noPert_propQEDco
mpleto-eps-converted-to.pdf Pictures//noPert_propQEDcompleto.eps>
(epstopdf)             \includegraphics on input line 136.
Package epstopdf Info: Output file is already uptodate.
File: Pictures//noPert_propQEDcompleto-eps-converted-to.pdf Graphic file (type 
pdf)
<use Pictures//noPert_propQEDcompleto-eps-converted-to.pdf>
Package pdftex.def Info: Pictures//noPert_propQEDcompleto-eps-converted-to.pdf 
 used on input line 136.
(pdftex.def)             Requested size: 38.39334pt x 14.05246pt.
Package epstopdf Info: Source file: <Pictures//noPert_propQEDlibre.eps>
(epstopdf)                    date: 2022-11-10 12:14:56
(epstopdf)                    size: 2541 bytes
(epstopdf)             Output file: <Pictures//noPert_propQEDlibre-eps-converte
d-to.pdf>
(epstopdf)                    date: 2022-11-10 12:19:02
(epstopdf)                    size: 2680 bytes
(epstopdf)             Command: <repstopdf --outfile=Pictures//noPert_propQEDli
bre-eps-converted-to.pdf Pictures//noPert_propQEDlibre.eps>
(epstopdf)             \includegraphics on input line 141.
Package epstopdf Info: Output file is already uptodate.
File: Pictures//noPert_propQEDlibre-eps-converted-to.pdf Graphic file (type pdf
)
<use Pictures//noPert_propQEDlibre-eps-converted-to.pdf>
Package pdftex.def Info: Pictures//noPert_propQEDlibre-eps-converted-to.pdf  us
ed on input line 141.
(pdftex.def)             Requested size: 38.39334pt x 0.7528pt.
Package epstopdf Info: Source file: <Pictures//noPert_propQED1.eps>
(epstopdf)                    date: 2022-11-10 12:14:56
(epstopdf)                    size: 12311 bytes
(epstopdf)             Output file: <Pictures//noPert_propQED1-eps-converted-to
.pdf>
(epstopdf)                    date: 2022-11-10 12:19:02
(epstopdf)                    size: 12102 bytes
(epstopdf)             Command: <repstopdf --outfile=Pictures//noPert_propQED1-
eps-converted-to.pdf Pictures//noPert_propQED1.eps>
(epstopdf)             \includegraphics on input line 146.
Package epstopdf Info: Output file is already uptodate.
File: Pictures//noPert_propQED1-eps-converted-to.pdf Graphic file (type pdf)
<use Pictures//noPert_propQED1-eps-converted-to.pdf>
Package pdftex.def Info: Pictures//noPert_propQED1-eps-converted-to.pdf  used o
n input line 146.
(pdftex.def)             Requested size: 38.39334pt x 14.05246pt.
LaTeX Info: Redefining \. on input line 184.
LaTeX Info: Redefining \% on input line 184.

[240 <./Pictures//autoenergia_pata-eps-converted-to.pdf> <./Pictures//autoenerg
iaV4_amputado-eps-converted-to.pdf> <./Pictures//autoenergiaV3_amputado-eps-con
verted-to.pdf> <./Pictures//noPert_propQEDcompleto-eps-converted-to.pdf> <./Pic
tures//noPert_propQEDlibre-eps-converted-to.pdf> <./Pictures//noPert_propQED1-e
ps-converted-to.pdf> <./Pictures//noPert_propQED2-eps-converted-to.pdf>]
Package epstopdf Info: Source file: <Pictures//autoenergia_momentos.eps>
(epstopdf)                    date: 2022-11-10 12:14:56
(epstopdf)                    size: 20063 bytes
(epstopdf)             Output file: <Pictures//autoenergia_momentos-eps-convert
ed-to.pdf>
(epstopdf)                    date: 2022-11-10 12:14:56
(epstopdf)                    size: 19475 bytes
(epstopdf)             Command: <repstopdf --outfile=Pictures//autoenergia_mome
ntos-eps-converted-to.pdf Pictures//autoenergia_momentos.eps>
(epstopdf)             \includegraphics on input line 191.
Package epstopdf Info: Output file is already uptodate.
<Pictures//autoenergia_momentos-eps-converted-to.pdf, id=3529, 205.76875pt x 91
.34125pt>
File: Pictures//autoenergia_momentos-eps-converted-to.pdf Graphic file (type pd
f)
<use Pictures//autoenergia_momentos-eps-converted-to.pdf>
Package pdftex.def Info: Pictures//autoenergia_momentos-eps-converted-to.pdf  u
sed on input line 191.
(pdftex.def)             Requested size: 61.7311pt x 27.40257pt.
LaTeX Info: Redefining \. on input line 234.
LaTeX Info: Redefining \% on input line 234.

[241 <./Pictures//autoenergia_momentos-eps-converted-to.pdf>]
LaTeX Info: Redefining \. on input line 296.
LaTeX Info: Redefining \% on input line 296.
 [242]
Underfull \hbox (badness 10000) in paragraph at lines 322--323

 []

Package epstopdf Info: Source file: <Pictures//noPert/BS_paralelas1.eps>
(epstopdf)                    date: 2022-11-10 13:10:24
(epstopdf)                    size: 6260 bytes
(epstopdf)             Output file: <Pictures//noPert/BS_paralelas1-eps-convert
ed-to.pdf>
(epstopdf)                    date: 2022-11-10 13:10:40
(epstopdf)                    size: 4134 bytes
(epstopdf)             Command: <repstopdf --outfile=Pictures//noPert/BS_parale
las1-eps-converted-to.pdf Pictures//noPert/BS_paralelas1.eps>
(epstopdf)             \includegraphics on input line 325.
Package epstopdf Info: Output file is already uptodate.
<Pictures//noPert/BS_paralelas1-eps-converted-to.pdf, id=3558, 300.12125pt x 16
9.63374pt>
File: Pictures//noPert/BS_paralelas1-eps-converted-to.pdf Graphic file (type pd
f)
<use Pictures//noPert/BS_paralelas1-eps-converted-to.pdf>
Package pdftex.def Info: Pictures//noPert/BS_paralelas1-eps-converted-to.pdf  u
sed on input line 325.
(pdftex.def)             Requested size: 60.02318pt x 33.92613pt.

Overfull \hbox (2.22166pt too wide) in paragraph at lines 324--338
[]$[]$ $[]$ 
 []

Package mdframed Info: mdframed works in twoside mode on input line 339.
Package mdframed Info: mdframed detected package amsthm 
 changed the theorem header of amsthm
(mdframed)              on input line 339.
) (./Capitulos/Apendices/apendices.tex (./Capitulos/Apendices/ApenA.tex
LaTeX Info: Redefining \. on input line 7.
LaTeX Info: Redefining \% on input line 7.

[243 <./Pictures//noPert/BS_paralelas1-eps-converted-to.pdf>] [244

]
Ap\'{e}ndice A.
<Pictures//chapter_head_3.pdf, id=3574, 845.1575pt x 597.23125pt>
File: Pictures//chapter_head_3.pdf Graphic file (type pdf)
<use Pictures//chapter_head_3.pdf>
Package pdftex.def Info: Pictures//chapter_head_3.pdf  used on input line 7.
(pdftex.def)             Requested size: 597.50787pt x 422.24188pt.
Package mdframed Info: mdframed works in twoside mode on input line 21.
Package mdframed Info: mdframed detected package amsthm 
 changed the theorem header of amsthm
(mdframed)              on input line 21.

Underfull \hbox (badness 10000) in paragraph at lines 31--32

 []


Underfull \hbox (badness 10000) in paragraph at lines 33--34

 []


Underfull \hbox (badness 10000) in paragraph at lines 35--36

 []

[245 <./Pictures//chapter_head_3.pdf>]
Underfull \hbox (badness 10000) in paragraph at lines 37--38

 []

Package mdframed Info: mdframed works in twoside mode on input line 39.
Package mdframed Info: mdframed detected package amsthm 
 changed the theorem header of amsthm
(mdframed)              on input line 39.

Underfull \hbox (badness 10000) in paragraph at lines 62--64

 []

LaTeX Info: Redefining \. on input line 88.
LaTeX Info: Redefining \% on input line 88.
[246]
Underfull \hbox (badness 10000) in paragraph at lines 90--91

 []


Underfull \hbox (badness 10000) in paragraph at lines 92--93

 []

Package mdframed Info: mdframed works in twoside mode on input line 106.
Package mdframed Info: mdframed detected package amsthm 
 changed the theorem header of amsthm
(mdframed)              on input line 106.

Underfull \hbox (badness 10000) in paragraph at lines 125--126

 []


Underfull \hbox (badness 10000) in paragraph at lines 127--128

 []

LaTeX Info: Redefining \. on input line 128.
LaTeX Info: Redefining \% on input line 128.
[247]
LaTeX Font Info:    Font shape `T1/pag/b/n' in size <5> not available
(Font)              Font shape `T1/pag/db/n' tried instead on input line 131.

Underfull \hbox (badness 10000) in paragraph at lines 132--133

 []


Underfull \hbox (badness 10000) in paragraph at lines 134--135

 []


Underfull \hbox (badness 10000) in paragraph at lines 139--141

 []


Underfull \hbox (badness 10000) in paragraph at lines 162--163

 []

LaTeX Info: Redefining \. on input line 175.
LaTeX Info: Redefining \% on input line 175.
[248]
Package mdframed Info: mdframed works in twoside mode on input line 179.
Package mdframed Info: mdframed detected package amsthm 
 changed the theorem header of amsthm
(mdframed)              on input line 179.

Underfull \hbox (badness 10000) in paragraph at lines 192--193

 []


Underfull \hbox (badness 10000) in paragraph at lines 195--196

 []


Underfull \hbox (badness 10000) in paragraph at lines 197--198

 []

LaTeX Info: Redefining \. on input line 208.
LaTeX Info: Redefining \% on input line 208.
[249]
Underfull \hbox (badness 10000) in paragraph at lines 213--215

 []


Underfull \hbox (badness 10000) in paragraph at lines 252--255

 []


Underfull \hbox (badness 10000) in paragraph at lines 256--258

 []

LaTeX Info: Redefining \. on input line 258.
LaTeX Info: Redefining \% on input line 258.
[250]
Underfull \hbox (badness 10000) in paragraph at lines 259--260

 []

Package mdframed Info: mdframed works in twoside mode on input line 270.
Package mdframed Info: mdframed detected package amsthm 
 changed the theorem header of amsthm
(mdframed)              on input line 270.

Underfull \hbox (badness 10000) in paragraph at lines 286--287

 []


Underfull \hbox (badness 10000) in paragraph at lines 288--289

 []


Underfull \hbox (badness 10000) in paragraph at lines 290--291

 []

Package mdframed Info: mdframed works in twoside mode on input line 294.
Package mdframed Info: mdframed detected package amsthm 
 changed the theorem header of amsthm
(mdframed)              on input line 294.
LaTeX Info: Redefining \. on input line 300.
LaTeX Info: Redefining \% on input line 300.
[251]
Package mdframed Info: Not enough space on this page on input line 300.

Underfull \hbox (badness 10000) in paragraph at lines 341--342

 []

LaTeX Info: Redefining \. on input line 345.
LaTeX Info: Redefining \% on input line 345.
[252]
Underfull \hbox (badness 10000) in paragraph at lines 454--455

 []

LaTeX Info: Redefining \. on input line 455.
LaTeX Info: Redefining \% on input line 455.
[253]
Underfull \hbox (badness 10000) in paragraph at lines 456--457

 []

LaTeX Info: Redefining \. on input line 542.
LaTeX Info: Redefining \% on input line 542.
[254]
Underfull \hbox (badness 10000) in paragraph at lines 542--544

 []


Underfull \hbox (badness 10000) in paragraph at lines 546--547

 []

Package mdframed Info: mdframed works in twoside mode on input line 548.
Package mdframed Info: mdframed detected package amsthm 
 changed the theorem header of amsthm
(mdframed)              on input line 548.

Underfull \hbox (badness 10000) in paragraph at lines 564--565

 []


Underfull \hbox (badness 10000) in paragraph at lines 566--567

 []


Underfull \hbox (badness 10000) in paragraph at lines 568--569

 []

LaTeX Info: Redefining \. on input line 577.
LaTeX Info: Redefining \% on input line 577.
[255]
Underfull \hbox (badness 10000) in paragraph at lines 600--602

 []


Underfull \hbox (badness 10000) in paragraph at lines 625--626

 []


Underfull \hbox (badness 10000) in paragraph at lines 627--628

 []

LaTeX Info: Redefining \. on input line 649.
LaTeX Info: Redefining \% on input line 649.
[256]
Underfull \hbox (badness 10000) in paragraph at lines 668--669

 []

<Capitulos/Apendices/Ap_A3.png, id=3705, 2541.495pt x 1192.455pt>
File: Capitulos/Apendices/Ap_A3.png Graphic file (type png)
<use Capitulos/Apendices/Ap_A3.png>
Package pdftex.def Info: Capitulos/Apendices/Ap_A3.png  used on input line 672.

(pdftex.def)             Requested size: 381.20781pt x 178.86053pt.
LaTeX Info: Redefining \. on input line 727.
LaTeX Info: Redefining \% on input line 727.
[257 <./Capitulos/Apendices/Ap_A3.png>]
Underfull \hbox (badness 10000) in paragraph at lines 749--750

 []


Underfull \hbox (badness 10000) in paragraph at lines 766--767

 []


Underfull \hbox (badness 10000) in paragraph at lines 775--776

 []

<Capitulos/Apendices/Ap_A.png, id=3717, 539.76656pt x 486.31688pt>
File: Capitulos/Apendices/Ap_A.png Graphic file (type png)
<use Capitulos/Apendices/Ap_A.png>
Package pdftex.def Info: Capitulos/Apendices/Ap_A.png  used on input line 788.
(pdftex.def)             Requested size: 71.13188pt x 64.0842pt.

Overfull \hbox (2.22166pt too wide) in paragraph at lines 774--793
[][] [] 
 []

LaTeX Info: Redefining \. on input line 797.
LaTeX Info: Redefining \% on input line 797.
[258 <./Capitulos/Apendices/Ap_A.png>]
Underfull \hbox (badness 10000) in paragraph at lines 797--798

 []


Underfull \hbox (badness 10000) in paragraph at lines 799--800

 []


Underfull \hbox (badness 10000) in paragraph at lines 803--804

 []


Overfull \hbox (31.72914pt too wide) in paragraph at lines 805--807
[]\T1/cmr/m/n/10 (-20) Transformaciones ti-po $\OT1/cmr/m/n/10 (-20) ^^C[] \OMS
/cmsy/m/n/10 ^^B []$\T1/cmr/m/n/10 (-20) .
 []


Underfull \hbox (badness 10000) in paragraph at lines 807--808

 []


Overfull \hbox (31.72914pt too wide) in paragraph at lines 809--811
[]\T1/cmr/m/n/10 (-20) Transformaciones ti-po $\OT1/cmr/m/n/10 (-20) ^^C[] \OMS
/cmsy/m/n/10 ^^B []$\T1/cmr/m/n/10 (-20) .
 []


Overfull \hbox (31.72914pt too wide) in paragraph at lines 811--813
\T1/cmr/m/n/10 (-20) Transformaciones ti-po $\OT1/cmr/m/n/10 (-20) ^^C[] \OMS/c
msy/m/n/10 ^^B []$\T1/cmr/m/n/10 (-20) .
 []


Underfull \hbox (badness 10000) in paragraph at lines 822--824

 []


Underfull \hbox (badness 10000) in paragraph at lines 831--832

 []

LaTeX Info: Redefining \. on input line 844.
LaTeX Info: Redefining \% on input line 844.
[259]
Underfull \hbox (badness 10000) in paragraph at lines 915--917

 []

LaTeX Info: Redefining \. on input line 931.
LaTeX Info: Redefining \% on input line 931.
[260]
Underfull \hbox (badness 10000) in paragraph at lines 1011--1012

 []

LaTeX Info: Redefining \. on input line 1028.
LaTeX Info: Redefining \% on input line 1028.
[261]
Package mdframed Info: mdframed works in twoside mode on input line 1052.
Package mdframed Info: mdframed detected package amsthm 
 changed the theorem header of amsthm
(mdframed)              on input line 1052.
LaTeX Info: Redefining \. on input line 1082.
LaTeX Info: Redefining \% on input line 1082.
 [262]
Underfull \hbox (badness 10000) in paragraph at lines 1093--1094

 []


Underfull \hbox (badness 10000) in paragraph at lines 1114--1116

 []


Underfull \hbox (badness 10000) in paragraph at lines 1140--1141

 []

LaTeX Info: Redefining \. on input line 1142.
LaTeX Info: Redefining \% on input line 1142.
[263]
Underfull \hbox (badness 10000) in paragraph at lines 1160--1162

 []


Underfull \hbox (badness 10000) in paragraph at lines 1163--1165

 []


Underfull \hbox (badness 10000) in paragraph at lines 1166--1167

 []

LaTeX Info: Redefining \. on input line 1167.
LaTeX Info: Redefining \% on input line 1167.
[264]
Overfull \hbox (39.85155pt too wide) in alignment at lines 1189--1206
 [][][] []
 []

LaTeX Info: Redefining \. on input line 1234.
LaTeX Info: Redefining \% on input line 1234.
[265]
Underfull \hbox (badness 10000) in paragraph at lines 1234--1236

 []

LaTeX Info: Redefining \. on input line 1275.
LaTeX Info: Redefining \% on input line 1275.
[266]
Underfull \hbox (badness 10000) in paragraph at lines 1300--1302

 []

LaTeX Info: Redefining \. on input line 1322.
LaTeX Info: Redefining \% on input line 1322.
[267]
LaTeX Info: Redefining \. on input line 1376.
LaTeX Info: Redefining \% on input line 1376.
 [268]
Underfull \hbox (badness 10000) in paragraph at lines 1380--1381

 []


Underfull \hbox (badness 10000) in paragraph at lines 1396--1397

 []


Underfull \hbox (badness 10000) in paragraph at lines 1404--1405

 []

Package epstopdf Info: Source file: <Capitulos/Apendices/paridad.eps>
(epstopdf)                    date: 2024-02-28 15:39:46
(epstopdf)                    size: 12922 bytes
(epstopdf)             Output file: <Capitulos/Apendices/paridad-eps-converted-
to.pdf>
(epstopdf)                    date: 2024-02-28 15:39:46
(epstopdf)                    size: 6227 bytes
(epstopdf)             Command: <repstopdf --outfile=Capitulos/Apendices/parida
d-eps-converted-to.pdf Capitulos/Apendices/paridad.eps>
(epstopdf)             \includegraphics on input line 1408.
Package epstopdf Info: Output file is already uptodate.
<Capitulos/Apendices/paridad-eps-converted-to.pdf, id=3857, 586.19pt x 287.0725
pt>
File: Capitulos/Apendices/paridad-eps-converted-to.pdf Graphic file (type pdf)
<use Capitulos/Apendices/paridad-eps-converted-to.pdf>
Package pdftex.def Info: Capitulos/Apendices/paridad-eps-converted-to.pdf  used
 on input line 1408.
(pdftex.def)             Requested size: 175.85835pt x 86.1224pt.
LaTeX Info: Redefining \. on input line 1416.
LaTeX Info: Redefining \% on input line 1416.
[269 <./Capitulos/Apendices/paridad-eps-converted-to.pdf>]
Underfull \hbox (badness 10000) in paragraph at lines 1431--1432

 []


Underfull \hbox (badness 10000) in paragraph at lines 1433--1434

 []

LaTeX Info: Redefining \. on input line 1482.
LaTeX Info: Redefining \% on input line 1482.
[270]
Underfull \hbox (badness 10000) in paragraph at lines 1485--1486

 []

LaTeX Info: Redefining \. on input line 1528.
LaTeX Info: Redefining \% on input line 1528.
[271]
Underfull \hbox (badness 10000) in paragraph at lines 1557--1558

 []

LaTeX Info: Redefining \. on input line 1580.
LaTeX Info: Redefining \% on input line 1580.
[272]
Underfull \hbox (badness 10000) in paragraph at lines 1582--1583

 []


Underfull \hbox (badness 10000) in paragraph at lines 1595--1596

 []

Package mdframed Info: mdframed works in twoside mode on input line 1618.
Package mdframed Info: mdframed detected package amsthm 
 changed the theorem header of amsthm
(mdframed)              on input line 1618.
LaTeX Info: Redefining \. on input line 1632.
LaTeX Info: Redefining \% on input line 1632.
[273]))
\tf@ptc=\write8
\openout8 = `QFT.ptc'.

LaTeX Info: Redefining \. on input line 115.
LaTeX Info: Redefining \% on input line 115.
 [274] (./QFT.aux
LaTeX Info: Redefining \sptext on input line 28.
LaTeX Info: Redefining \. on input line 28.
LaTeX Info: Redefining \% on input line 28.
)

LaTeX Font Warning: Size substitutions with differences
(Font)              up to 3.25pt have occurred.

Package logreq Info: Writing requests to 'QFT.run.xml'.
\openout1 = `QFT.run.xml'.

 ) 
Here is how much of TeX's memory you used:
 49898 strings out of 478287
 968534 string characters out of 5849290
 1801706 words of memory out of 5000000
 64665 multiletter control sequences out of 15000+600000
 591900 words of font info for 540 fonts, out of 8000000 for 9000
 1141 hyphenation exceptions out of 8191
 89i,26n,92p,1591b,3087s stack positions out of 5000i,500n,10000p,200000b,80000s
pdfTeX warning (dest): name{cite.0@greiner_weak} has been referenced but does
 not exist, replaced by a fixed one

{/usr/share/texmf/fonts/enc/dvips/cm-super/cm-super-t1.enc} </home/oscar/.texli
ve2021/texmf-var/fonts/pk/ljfour/public/bbm/bbm7.600pk> </home/oscar/.texlive20
21/texmf-var/fonts/pk/ljfour/public/bbm/bbm10.600pk>{/usr/share/texlive/texmf-d
ist/fonts/enc/dvips/fontawesome/fontawesometwo.enc}{/usr/share/texlive/texmf-di
st/fonts/enc/dvips/fontawesome/fontawesomeone.enc}{/usr/share/texlive/texmf-dis
t/fonts/enc/dvips/base/8r.enc}{/usr/share/texmf/fonts/enc/dvips/cm-super/cm-sup
er-ts1.enc}</usr/share/texlive/texmf-dist/fonts/type1/public/fontawesome/FontAw
esome.pfb></usr/share/texlive/texmf-dist/fonts/type1/public/amsfonts/cm/cmbsy10
.pfb></usr/share/texlive/texmf-dist/fonts/type1/public/amsfonts/cmextra/cmbsy5.
pfb></usr/share/texlive/texmf-dist/fonts/type1/public/amsfonts/cmextra/cmbsy7.p
fb></usr/share/texlive/texmf-dist/fonts/type1/public/amsfonts/cm/cmbx10.pfb></u
sr/share/texlive/texmf-dist/fonts/type1/public/amsfonts/cm/cmbx7.pfb></usr/shar
e/texlive/texmf-dist/fonts/type1/public/amsfonts/cm/cmex10.pfb></usr/share/texl
ive/texmf-dist/fonts/type1/public/amsfonts/cmextra/cmex7.pfb></usr/share/texliv
e/texmf-dist/fonts/type1/public/amsfonts/cmextra/cmex8.pfb></usr/share/texlive/
texmf-dist/fonts/type1/public/amsfonts/cm/cmmi10.pfb></usr/share/texlive/texmf-
dist/fonts/type1/public/amsfonts/cm/cmmi5.pfb></usr/share/texlive/texmf-dist/fo
nts/type1/public/amsfonts/cm/cmmi6.pfb></usr/share/texlive/texmf-dist/fonts/typ
e1/public/amsfonts/cm/cmmi7.pfb></usr/share/texlive/texmf-dist/fonts/type1/publ
ic/amsfonts/cm/cmmi8.pfb></usr/share/texlive/texmf-dist/fonts/type1/public/amsf
onts/cm/cmmi9.pfb></usr/share/texlive/texmf-dist/fonts/type1/public/amsfonts/cm
/cmmib10.pfb></usr/share/texlive/texmf-dist/fonts/type1/public/amsfonts/cmextra
/cmmib5.pfb></usr/share/texlive/texmf-dist/fonts/type1/public/amsfonts/cmextra/
cmmib7.pfb></usr/share/texlive/texmf-dist/fonts/type1/public/amsfonts/cmextra/c
mmib8.pfb></usr/share/texlive/texmf-dist/fonts/type1/public/amsfonts/cm/cmr10.p
fb></usr/share/texlive/texmf-dist/fonts/type1/public/amsfonts/cm/cmr12.pfb></us
r/share/texlive/texmf-dist/fonts/type1/public/amsfonts/cm/cmr5.pfb></usr/share/
texlive/texmf-dist/fonts/type1/public/amsfonts/cm/cmr6.pfb></usr/share/texlive/
texmf-dist/fonts/type1/public/amsfonts/cm/cmr7.pfb></usr/share/texlive/texmf-di
st/fonts/type1/public/amsfonts/cm/cmr8.pfb></usr/share/texlive/texmf-dist/fonts
/type1/public/amsfonts/cm/cmr9.pfb></usr/share/texlive/texmf-dist/fonts/type1/p
ublic/amsfonts/cm/cmss10.pfb></usr/share/texlive/texmf-dist/fonts/type1/public/
amsfonts/cm/cmsy10.pfb></usr/share/texlive/texmf-dist/fonts/type1/public/amsfon
ts/cm/cmsy5.pfb></usr/share/texlive/texmf-dist/fonts/type1/public/amsfonts/cm/c
msy6.pfb></usr/share/texlive/texmf-dist/fonts/type1/public/amsfonts/cm/cmsy7.pf
b></usr/share/texlive/texmf-dist/fonts/type1/public/amsfonts/cm/cmsy8.pfb></usr
/share/texlive/texmf-dist/fonts/type1/public/amsfonts/cm/cmsy9.pfb></usr/share/
texlive/texmf-dist/fonts/type1/public/amsfonts/latxfont/line10.pfb></usr/share/
texlive/texmf-dist/fonts/type1/public/amsfonts/symbols/msam10.pfb></usr/share/t
exlive/texmf-dist/fonts/type1/public/amsfonts/symbols/msam5.pfb></usr/share/tex
live/texmf-dist/fonts/type1/public/amsfonts/symbols/msam7.pfb></usr/share/texli
ve/texmf-dist/fonts/type1/public/amsfonts/symbols/msbm10.pfb></usr/share/texliv
e/texmf-dist/fonts/type1/public/amsfonts/symbols/msbm7.pfb></usr/share/texlive/
texmf-dist/fonts/type1/public/rsfs/rsfs10.pfb></usr/share/texmf/fonts/type1/pub
lic/cm-super/sfbi1000.pfb></usr/share/texmf/fonts/type1/public/cm-super/sfbx100
0.pfb></usr/share/texmf/fonts/type1/public/cm-super/sfcc1000.pfb></usr/share/te
xmf/fonts/type1/public/cm-super/sfrm0500.pfb></usr/share/texmf/fonts/type1/publ
ic/cm-super/sfrm0600.pfb></usr/share/texmf/fonts/type1/public/cm-super/sfrm0700
.pfb></usr/share/texmf/fonts/type1/public/cm-super/sfrm0800.pfb></usr/share/tex
mf/fonts/type1/public/cm-super/sfrm0900.pfb></usr/share/texmf/fonts/type1/publi
c/cm-super/sfrm1000.pfb></usr/share/texmf/fonts/type1/public/cm-super/sfti0600.
pfb></usr/share/texmf/fonts/type1/public/cm-super/sfti0700.pfb></usr/share/texm
f/fonts/type1/public/cm-super/sfti0800.pfb></usr/share/texmf/fonts/type1/public
/cm-super/sfti1000.pfb></usr/share/texmf/fonts/type1/public/cm-super/sftt1000.p
fb></usr/share/texlive/texmf-dist/fonts/type1/urw/avantgar/uagd8a.pfb></usr/sha
re/texlive/texmf-dist/fonts/type1/urw/avantgar/uagk8a.pfb></usr/share/texlive/t
exmf-dist/fonts/type1/urw/symbol/usyr.pfb></usr/share/texlive/texmf-dist/fonts/
type1/urw/zapfding/uzdr.pfb>
Output written on QFT.pdf (274 pages, 25285955 bytes).
PDF statistics:
 4750 PDF objects out of 5155 (max. 8388607)
 4030 compressed objects within 41 object streams
 1740 named destinations out of 2073 (max. 500000)
 172879 words of extra memory for PDF output out of 184870 (max. 10000000)

